customer_id,name,category,monthly_amount
C0001,Tanaka Shoten 1,7,5000
C0002,Sakura Sangyo 2,7,12919
C0003,Aoba Seisaku 3,7,20838
C0004,Fuji Denki 4,7,28757
C0005,Yamato Shoji 5,7,36676
C0006,Kita Kogyo 6,7,44595
C0007,Mori Shokuhin 7,7,52514
C0008,Tanaka Shoten 8,7,60433
C0009,Sakura Sangyo 9,7,68352
C0010,Aoba Seisaku 10,7,76271
C0011,Fuji Denki 11,7,84190
C0012,Yamato Shoji 12,7,92109
C0013,Kita Kogyo 13,7,100028
C0014,Mori Shokuhin 14,7,107947
C0015,Tanaka Shoten 15,7,115866
C0016,Sakura Sangyo 16,7,123785
C0017,Aoba Seisaku 17,7,131704
C0018,Fuji Denki 18,7,139623
C0019,Yamato Shoji 19,7,147542
C0020,Kita Kogyo 20,7,155461
C0021,Mori Shokuhin 21,7,163380
C0022,Tanaka Shoten 22,7,171299
C0023,Sakura Sangyo 23,7,179218
C0024,Aoba Seisaku 24,7,187137
C0025,Fuji Denki 25,7,195056
C0026,Yamato Shoji 26,7,202975
C0027,Kita Kogyo 27,7,210894
C0028,Mori Shokuhin 28,7,218813
C0029,Tanaka Shoten 29,7,226732
C0030,Sakura Sangyo 30,7,234651
C0031,Aoba Seisaku 31,7,242570
C0032,Fuji Denki 32,7,250489
C0033,Yamato Shoji 33,7,258408
C0034,Kita Kogyo 34,7,266327
C0035,Mori Shokuhin 35,7,274246
C0036,Tanaka Shoten 36,7,282165
C0037,Sakura Sangyo 37,7,290084
C0038,Aoba Seisaku 38,7,298003
C0039,Fuji Denki 39,7,305922
C0040,Yamato Shoji 40,7,313841
C0041,Kita Kogyo 41,7,321760
C0042,Mori Shokuhin 42,7,329679
C0043,Tanaka Shoten 43,7,337598
C0044,Sakura Sangyo 44,7,345517
C0045,Aoba Seisaku 45,7,353436
C0046,Fuji Denki 46,7,361355
C0047,Yamato Shoji 47,7,369274
C0048,Kita Kogyo 48,7,377193
C0049,Mori Shokuhin 49,7,385112
C0050,Tanaka Shoten 50,7,393031
C0051,Sakura Sangyo 51,7,400950
C0052,Aoba Seisaku 52,7,408869
C0053,Fuji Denki 53,7,416788
C0054,Yamato Shoji 54,7,424707
C0055,Kita Kogyo 55,7,432626
C0056,Mori Shokuhin 56,7,440545
C0057,Tanaka Shoten 57,7,448464
C0058,Sakura Sangyo 58,7,456383
C0059,Aoba Seisaku 59,7,464302
C0060,Fuji Denki 60,7,472221
C0061,Yamato Shoji 61,7,480140
C0062,Kita Kogyo 62,7,488059
C0063,Mori Shokuhin 63,7,495978
C0064,Tanaka Shoten 64,7,503897
C0065,Sakura Sangyo 65,7,511816
C0066,Aoba Seisaku 66,7,519735
C0067,Fuji Denki 67,7,527654
C0068,Yamato Shoji 68,7,535573
C0069,Kita Kogyo 69,7,543492
C0070,Mori Shokuhin 70,7,551411
C0071,Tanaka Shoten 71,7,559330
C0072,Sakura Sangyo 72,7,567249
C0073,Aoba Seisaku 73,7,575168
C0074,Fuji Denki 74,7,583087
C0075,Yamato Shoji 75,7,591006
C0076,Kita Kogyo 76,7,598925
C0077,Mori Shokuhin 77,7,606844
C0078,Tanaka Shoten 78,7,614763
C0079,Sakura Sangyo 79,7,622682
C0080,Aoba Seisaku 80,7,630601
C0081,Fuji Denki 81,7,638520
C0082,Yamato Shoji 82,7,646439
C0083,Kita Kogyo 83,7,654358
C0084,Mori Shokuhin 84,7,662277
C0085,Tanaka Shoten 85,7,670196
C0086,Sakura Sangyo 86,7,678115
C0087,Aoba Seisaku 87,7,686034
C0088,Fuji Denki 88,7,693953
C0089,Yamato Shoji 89,7,701872
C0090,Kita Kogyo 90,7,709791
C0091,Mori Shokuhin 91,7,717710
C0092,Tanaka Shoten 92,7,725629
C0093,Sakura Sangyo 93,7,733548
C0094,Aoba Seisaku 94,7,741467
C0095,Fuji Denki 95,7,749386
C0096,Yamato Shoji 96,7,757305
C0097,Kita Kogyo 97,7,765224
C0098,Mori Shokuhin 98,7,773143
C0099,Tanaka Shoten 99,7,781062
C0100,Sakura Sangyo 100,7,788981
C0101,Aoba Seisaku 101,7,796900
C0102,Fuji Denki 102,7,804819
C0103,Yamato Shoji 103,7,812738
C0104,Kita Kogyo 104,7,820657
C0105,Mori Shokuhin 105,7,828576
C0106,Tanaka Shoten 106,7,836495
C0107,Sakura Sangyo 107,7,844414
C0108,Aoba Seisaku 108,7,852333
C0109,Fuji Denki 109,7,860252
C0110,Yamato Shoji 110,7,868171
C0111,Kita Kogyo 111,7,876090
C0112,Mori Shokuhin 112,7,884009
C0113,Tanaka Shoten 113,7,891928
C0114,Sakura Sangyo 114,7,899847
C0115,Aoba Seisaku 115,7,12765
C0116,Fuji Denki 116,7,20684
C0117,Yamato Shoji 117,7,28603
C0118,Kita Kogyo 118,7,36522
C0119,Mori Shokuhin 119,7,44441
C0120,Tanaka Shoten 120,7,52360
C0121,Sakura Sangyo 121,7,60279
C0122,Aoba Seisaku 122,7,68198
C0123,Fuji Denki 123,7,76117
C0124,Yamato Shoji 124,7,84036
C0125,Kita Kogyo 125,7,91955
C0126,Mori Shokuhin 126,7,99874
C0127,Tanaka Shoten 127,7,107793
C0128,Sakura Sangyo 128,7,115712
C0129,Aoba Seisaku 129,7,123631
C0130,Fuji Denki 130,7,131550
C0131,Yamato Shoji 131,7,139469
C0132,Kita Kogyo 132,7,147388
C0133,Mori Shokuhin 133,7,155307
C0134,Tanaka Shoten 134,7,163226
C0135,Sakura Sangyo 135,7,171145
C0136,Aoba Seisaku 136,7,179064
C0137,Fuji Denki 137,7,186983
C0138,Yamato Shoji 138,7,194902
C0139,Kita Kogyo 139,7,202821
C0140,Mori Shokuhin 140,7,210740
C0141,Tanaka Shoten 141,7,218659
C0142,Sakura Sangyo 142,7,226578
C0143,Aoba Seisaku 143,7,234497
C0144,Fuji Denki 144,7,242416
C0145,Yamato Shoji 145,7,250335
C0146,Kita Kogyo 146,7,258254
C0147,Mori Shokuhin 147,7,266173
C0148,Tanaka Shoten 148,7,274092
C0149,Sakura Sangyo 149,7,282011
C0150,Aoba Seisaku 150,7,289930
C0151,Fuji Denki 151,7,297849
C0152,Yamato Shoji 152,7,305768
C0153,Kita Kogyo 153,7,313687
C0154,Mori Shokuhin 154,7,321606
C0155,Tanaka Shoten 155,7,329525
C0156,Sakura Sangyo 156,7,337444
C0157,Aoba Seisaku 157,7,345363
C0158,Fuji Denki 158,7,353282
C0159,Yamato Shoji 159,7,361201
C0160,Kita Kogyo 160,7,369120
C0161,Mori Shokuhin 161,7,377039
C0162,Tanaka Shoten 162,7,384958
C0163,Sakura Sangyo 163,7,392877
C0164,Aoba Seisaku 164,7,400796
C0165,Fuji Denki 165,7,408715
C0166,Yamato Shoji 166,7,416634
C0167,Kita Kogyo 167,7,424553
C0168,Mori Shokuhin 168,7,432472
C0169,Tanaka Shoten 169,7,440391
C0170,Sakura Sangyo 170,7,448310
C0171,Aoba Seisaku 171,7,456229
C0172,Fuji Denki 172,7,464148
C0173,Yamato Shoji 173,7,472067
C0174,Kita Kogyo 174,7,479986
C0175,Mori Shokuhin 175,7,487905
C0176,Tanaka Shoten 176,7,495824
C0177,Sakura Sangyo 177,7,503743
C0178,Aoba Seisaku 178,7,511662
C0179,Fuji Denki 179,7,519581
C0180,Yamato Shoji 180,7,527500
C0181,Kita Kogyo 181,7,535419
C0182,Mori Shokuhin 182,7,543338
C0183,Tanaka Shoten 183,7,551257
C0184,Sakura Sangyo 184,7,559176
C0185,Aoba Seisaku 185,7,567095
C0186,Fuji Denki 186,7,575014
C0187,Yamato Shoji 187,7,582933
C0188,Kita Kogyo 188,7,590852
C0189,Mori Shokuhin 189,7,598771
C0190,Tanaka Shoten 190,7,606690
C0191,Sakura Sangyo 191,7,614609
C0192,Aoba Seisaku 192,7,622528
C0193,Fuji Denki 193,7,630447
C0194,Yamato Shoji 194,7,638366
C0195,Kita Kogyo 195,7,646285
C0196,Mori Shokuhin 196,7,654204
C0197,Tanaka Shoten 197,7,662123
C0198,Sakura Sangyo 198,7,670042
C0199,Aoba Seisaku 199,7,677961
C0200,Fuji Denki 200,7,685880
C0201,Yamato Shoji 201,7,693799
C0202,Kita Kogyo 202,7,701718
C0203,Mori Shokuhin 203,7,709637
C0204,Tanaka Shoten 204,7,717556
C0205,Sakura Sangyo 205,7,725475
C0206,Aoba Seisaku 206,7,733394
C0207,Fuji Denki 207,7,741313
C0208,Yamato Shoji 208,7,749232
C0209,Kita Kogyo 209,7,757151
C0210,Mori Shokuhin 210,7,765070
C0211,Tanaka Shoten 211,7,772989
C0212,Sakura Sangyo 212,7,780908
C0213,Aoba Seisaku 213,7,788827
C0214,Fuji Denki 214,7,796746
C0215,Yamato Shoji 215,7,804665
C0216,Kita Kogyo 216,7,812584
C0217,Mori Shokuhin 217,7,820503
C0218,Tanaka Shoten 218,7,828422
C0219,Sakura Sangyo 219,7,836341
C0220,Aoba Seisaku 220,7,844260
C0221,Fuji Denki 221,7,852179
C0222,Yamato Shoji 222,7,860098
C0223,Kita Kogyo 223,7,868017
C0224,Mori Shokuhin 224,7,875936
C0225,Tanaka Shoten 225,7,883855
C0226,Sakura Sangyo 226,7,891774
C0227,Aoba Seisaku 227,7,899693
C0228,Fuji Denki 228,7,12611
C0229,Yamato Shoji 229,7,20530
C0230,Kita Kogyo 230,7,28449
C0231,Mori Shokuhin 231,7,36368
C0232,Tanaka Shoten 232,7,44287
C0233,Sakura Sangyo 233,7,52206
C0234,Aoba Seisaku 234,7,60125
C0235,Fuji Denki 235,7,68044
C0236,Yamato Shoji 236,7,75963
C0237,Kita Kogyo 237,7,83882
C0238,Mori Shokuhin 238,7,91801
C0239,Tanaka Shoten 239,7,99720
C0240,Sakura Sangyo 240,7,107639
C0241,Aoba Seisaku 241,7,115558
C0242,Fuji Denki 242,7,123477
C0243,Yamato Shoji 243,7,131396
C0244,Kita Kogyo 244,7,139315
C0245,Mori Shokuhin 245,7,147234
C0246,Tanaka Shoten 246,7,155153
C0247,Sakura Sangyo 247,7,163072
C0248,Aoba Seisaku 248,7,170991
C0249,Fuji Denki 249,7,178910
C0250,Yamato Shoji 250,7,186829
C0251,Kita Kogyo 251,7,194748
C0252,Mori Shokuhin 252,7,202667
C0253,Tanaka Shoten 253,7,210586
C0254,Sakura Sangyo 254,7,218505
C0255,Aoba Seisaku 255,7,226424
C0256,Fuji Denki 256,7,234343
C0257,Yamato Shoji 257,7,242262
C0258,Kita Kogyo 258,7,250181
C0259,Mori Shokuhin 259,7,258100
C0260,Tanaka Shoten 260,7,266019
C0261,Sakura Sangyo 261,7,273938
C0262,Aoba Seisaku 262,7,281857
C0263,Fuji Denki 263,7,289776
C0264,Yamato Shoji 264,7,297695
C0265,Kita Kogyo 265,7,305614
C0266,Mori Shokuhin 266,7,313533
C0267,Tanaka Shoten 267,7,321452
C0268,Sakura Sangyo 268,7,329371
C0269,Aoba Seisaku 269,7,337290
C0270,Fuji Denki 270,7,345209
C0271,Yamato Shoji 271,7,353128
C0272,Kita Kogyo 272,7,361047
C0273,Mori Shokuhin 273,7,368966
C0274,Tanaka Shoten 274,7,376885
C0275,Sakura Sangyo 275,7,384804
C0276,Aoba Seisaku 276,7,392723
C0277,Fuji Denki 277,7,400642
C0278,Yamato Shoji 278,7,408561
C0279,Kita Kogyo 279,7,416480
C0280,Mori Shokuhin 280,7,424399
C0281,Tanaka Shoten 281,7,432318
C0282,Sakura Sangyo 282,7,440237
C0283,Aoba Seisaku 283,7,448156
C0284,Fuji Denki 284,7,456075
C0285,Yamato Shoji 285,7,463994
C0286,Kita Kogyo 286,7,471913
C0287,Mori Shokuhin 287,7,479832
C0288,Tanaka Shoten 288,7,487751
C0289,Sakura Sangyo 289,7,495670
C0290,Aoba Seisaku 290,7,503589
C0291,Fuji Denki 291,7,511508
C0292,Yamato Shoji 292,7,519427
C0293,Kita Kogyo 293,7,527346
C0294,Mori Shokuhin 294,7,535265
C0295,Tanaka Shoten 295,7,543184
C0296,Sakura Sangyo 296,7,551103
C0297,Aoba Seisaku 297,7,559022
C0298,Fuji Denki 298,7,566941
C0299,Yamato Shoji 299,7,574860
C0300,Kita Kogyo 300,7,582779
C0301,Mori Shokuhin 301,7,590698
C0302,Tanaka Shoten 302,7,598617
C0303,Sakura Sangyo 303,7,606536
C0304,Aoba Seisaku 304,7,614455
C0305,Fuji Denki 305,7,622374
C0306,Yamato Shoji 306,7,630293
C0307,Kita Kogyo 307,7,638212
C0308,Mori Shokuhin 308,7,646131
C0309,Tanaka Shoten 309,7,654050
C0310,Sakura Sangyo 310,7,661969
C0311,Aoba Seisaku 311,7,669888
C0312,Fuji Denki 312,7,677807
C0313,Yamato Shoji 313,7,685726
C0314,Kita Kogyo 314,7,693645
C0315,Mori Shokuhin 315,7,701564
C0316,Tanaka Shoten 316,7,709483
C0317,Sakura Sangyo 317,7,717402
C0318,Aoba Seisaku 318,7,725321
C0319,Fuji Denki 319,7,733240
C0320,Yamato Shoji 320,7,741159
C0321,Kita Kogyo 321,7,749078
C0322,Mori Shokuhin 322,7,756997
C0323,Tanaka Shoten 323,7,764916
C0324,Sakura Sangyo 324,7,772835
C0325,Aoba Seisaku 325,7,780754
C0326,Fuji Denki 326,7,788673
C0327,Yamato Shoji 327,7,796592
C0328,Kita Kogyo 328,7,804511
C0329,Mori Shokuhin 329,7,812430
C0330,Tanaka Shoten 330,7,820349
C0331,Sakura Sangyo 331,7,828268
C0332,Aoba Seisaku 332,7,836187
C0333,Fuji Denki 333,7,844106
C0334,Yamato Shoji 334,7,852025
C0335,Kita Kogyo 335,7,859944
C0336,Mori Shokuhin 336,7,867863
C0337,Tanaka Shoten 337,7,875782
C0338,Sakura Sangyo 338,7,883701
C0339,Aoba Seisaku 339,7,891620
C0340,Fuji Denki 340,7,899539
C0341,Yamato Shoji 341,7,12457
C0342,Kita Kogyo 342,7,20376
C0343,Mori Shokuhin 343,7,28295
C0344,Tanaka Shoten 344,7,36214
C0345,Sakura Sangyo 345,7,44133
C0346,Aoba Seisaku 346,7,52052
C0347,Fuji Denki 347,7,59971
C0348,Yamato Shoji 348,7,67890
C0349,Kita Kogyo 349,7,75809
C0350,Mori Shokuhin 350,7,83728
C0351,Tanaka Shoten 351,7,91647
C0352,Sakura Sangyo 352,7,99566
C0353,Aoba Seisaku 353,7,107485
C0354,Fuji Denki 354,7,115404
C0355,Yamato Shoji 355,7,123323
C0356,Kita Kogyo 356,7,131242
C0357,Mori Shokuhin 357,7,139161
C0358,Tanaka Shoten 358,7,147080
C0359,Sakura Sangyo 359,7,154999
C0360,Aoba Seisaku 360,7,162918
C0361,Fuji Denki 361,7,170837
C0362,Yamato Shoji 362,7,178756
C0363,Kita Kogyo 363,7,186675
C0364,Mori Shokuhin 364,7,194594
C0365,Tanaka Shoten 365,7,202513
C0366,Sakura Sangyo 366,7,210432
C0367,Aoba Seisaku 367,7,218351
C0368,Fuji Denki 368,7,226270
C0369,Yamato Shoji 369,7,234189
C0370,Kita Kogyo 370,7,242108
C0371,Mori Shokuhin 371,7,250027
C0372,Tanaka Shoten 372,7,257946
C0373,Sakura Sangyo 373,7,265865
C0374,Aoba Seisaku 374,7,273784
C0375,Fuji Denki 375,7,281703
C0376,Yamato Shoji 376,7,289622
C0377,Kita Kogyo 377,7,297541
C0378,Mori Shokuhin 378,7,305460
C0379,Tanaka Shoten 379,7,313379
C0380,Sakura Sangyo 380,7,321298
C0381,Aoba Seisaku 381,7,329217
C0382,Fuji Denki 382,7,337136
C0383,Yamato Shoji 383,7,345055
C0384,Kita Kogyo 384,7,352974
C0385,Mori Shokuhin 385,7,360893
C0386,Tanaka Shoten 386,7,368812
C0387,Sakura Sangyo 387,7,376731
C0388,Aoba Seisaku 388,7,384650
C0389,Fuji Denki 389,7,392569
C0390,Yamato Shoji 390,7,400488
C0391,Kita Kogyo 391,7,408407
C0392,Mori Shokuhin 392,7,416326
C0393,Tanaka Shoten 393,7,424245
C0394,Sakura Sangyo 394,7,432164
C0395,Aoba Seisaku 395,7,440083
C0396,Fuji Denki 396,7,448002
C0397,Yamato Shoji 397,7,455921
C0398,Kita Kogyo 398,7,463840
C0399,Mori Shokuhin 399,7,471759
C0400,Tanaka Shoten 400,7,479678
C0401,Sakura Sangyo 401,7,487597
C0402,Aoba Seisaku 402,7,495516
C0403,Fuji Denki 403,7,503435
C0404,Yamato Shoji 404,7,511354
C0405,Kita Kogyo 405,7,519273
C0406,Mori Shokuhin 406,7,527192
C0407,Tanaka Shoten 407,7,535111
C0408,Sakura Sangyo 408,7,543030
C0409,Aoba Seisaku 409,7,550949
C0410,Fuji Denki 410,7,558868
C0411,Yamato Shoji 411,7,566787
C0412,Kita Kogyo 412,7,574706
C0413,Mori Shokuhin 413,7,582625
C0414,Tanaka Shoten 414,7,590544
C0415,Sakura Sangyo 415,7,598463
C0416,Aoba Seisaku 416,7,606382
C0417,Fuji Denki 417,7,614301
C0418,Yamato Shoji 418,7,622220
C0419,Kita Kogyo 419,7,630139
C0420,Mori Shokuhin 420,7,638058
C0421,Tanaka Shoten 421,7,645977
C0422,Sakura Sangyo 422,7,653896
C0423,Aoba Seisaku 423,7,661815
C0424,Fuji Denki 424,7,669734
C0425,Yamato Shoji 425,7,677653
C0426,Kita Kogyo 426,7,685572
C0427,Mori Shokuhin 427,7,693491
C0428,Tanaka Shoten 428,7,701410
C0429,Sakura Sangyo 429,7,709329
C0430,Aoba Seisaku 430,7,717248
C0431,Fuji Denki 431,7,725167
C0432,Yamato Shoji 432,7,733086
C0433,Kita Kogyo 433,7,741005
C0434,Mori Shokuhin 434,7,748924
C0435,Tanaka Shoten 435,7,756843
C0436,Sakura Sangyo 436,7,764762
C0437,Aoba Seisaku 437,7,772681
C0438,Fuji Denki 438,7,780600
C0439,Yamato Shoji 439,7,788519
C0440,Kita Kogyo 440,7,796438
C0441,Mori Shokuhin 441,7,804357
C0442,Tanaka Shoten 442,7,812276
C0443,Sakura Sangyo 443,7,820195
C0444,Aoba Seisaku 444,7,828114
C0445,Fuji Denki 445,7,836033
C0446,Yamato Shoji 446,7,843952
C0447,Kita Kogyo 447,7,851871
C0448,Mori Shokuhin 448,7,859790
C0449,Tanaka Shoten 449,7,867709
C0450,Sakura Sangyo 450,7,875628
C0451,Aoba Seisaku 451,7,883547
C0452,Fuji Denki 452,7,891466
C0453,Yamato Shoji 453,7,899385
C0454,Kita Kogyo 454,7,12303
C0455,Mori Shokuhin 455,7,20222
C0456,Tanaka Shoten 456,7,28141
C0457,Sakura Sangyo 457,7,36060
C0458,Aoba Seisaku 458,7,43979
C0459,Fuji Denki 459,7,51898
C0460,Yamato Shoji 460,7,59817
C0461,Kita Kogyo 461,7,67736
C0462,Mori Shokuhin 462,7,75655
C0463,Tanaka Shoten 463,7,83574
C0464,Sakura Sangyo 464,7,91493
C0465,Aoba Seisaku 465,7,99412
C0466,Fuji Denki 466,7,107331
C0467,Yamato Shoji 467,7,115250
C0468,Kita Kogyo 468,7,123169
C0469,Mori Shokuhin 469,7,131088
C0470,Tanaka Shoten 470,7,139007
C0471,Sakura Sangyo 471,7,146926
C0472,Aoba Seisaku 472,7,154845
C0473,Fuji Denki 473,7,162764
C0474,Yamato Shoji 474,7,170683
C0475,Kita Kogyo 475,7,178602
C0476,Mori Shokuhin 476,7,186521
C0477,Tanaka Shoten 477,7,194440
C0478,Sakura Sangyo 478,7,202359
C0479,Aoba Seisaku 479,7,210278
C0480,Fuji Denki 480,7,218197
C0481,Yamato Shoji 481,7,226116
C0482,Kita Kogyo 482,7,234035
C0483,Mori Shokuhin 483,7,241954
C0484,Tanaka Shoten 484,7,249873
C0485,Sakura Sangyo 485,7,257792
C0486,Aoba Seisaku 486,7,265711
C0487,Fuji Denki 487,7,273630
C0488,Yamato Shoji 488,7,281549
C0489,Kita Kogyo 489,7,289468
C0490,Mori Shokuhin 490,7,297387
C0491,Tanaka Shoten 491,7,305306
C0492,Sakura Sangyo 492,7,313225
C0493,Aoba Seisaku 493,7,321144
C0494,Fuji Denki 494,7,329063
C0495,Yamato Shoji 495,7,336982
C0496,Kita Kogyo 496,7,344901
C0497,Mori Shokuhin 497,7,352820
C0498,Tanaka Shoten 498,7,360739
C0499,Sakura Sangyo 499,7,368658
C0500,Aoba Seisaku 500,7,376577
C0501,Fuji Denki 501,7,384496
C0502,Yamato Shoji 502,7,392415
C0503,Kita Kogyo 503,7,400334
C0504,Mori Shokuhin 504,7,408253
C0505,Tanaka Shoten 505,7,416172
C0506,Sakura Sangyo 506,7,424091
C0507,Aoba Seisaku 507,7,432010
C0508,Fuji Denki 508,7,439929
C0509,Yamato Shoji 509,7,447848
C0510,Kita Kogyo 510,7,455767
C0511,Mori Shokuhin 511,7,463686
C0512,Tanaka Shoten 512,7,471605
C0513,Sakura Sangyo 513,7,479524
C0514,Aoba Seisaku 514,7,487443
C0515,Fuji Denki 515,7,495362
C0516,Yamato Shoji 516,7,503281
C0517,Kita Kogyo 517,7,511200
C0518,Mori Shokuhin 518,7,519119
C0519,Tanaka Shoten 519,7,527038
C0520,Sakura Sangyo 520,7,534957
C0521,Aoba Seisaku 521,7,542876
C0522,Fuji Denki 522,7,550795
C0523,Yamato Shoji 523,7,558714
C0524,Kita Kogyo 524,7,566633
C0525,Mori Shokuhin 525,7,574552
C0526,Tanaka Shoten 526,7,582471
C0527,Sakura Sangyo 527,7,590390
C0528,Aoba Seisaku 528,7,598309
C0529,Fuji Denki 529,7,606228
C0530,Yamato Shoji 530,7,614147
C0531,Kita Kogyo 531,7,622066
C0532,Mori Shokuhin 532,7,629985
C0533,Tanaka Shoten 533,7,637904
C0534,Sakura Sangyo 534,7,645823
C0535,Aoba Seisaku 535,7,653742
C0536,Fuji Denki 536,7,661661
C0537,Yamato Shoji 537,7,669580
C0538,Kita Kogyo 538,7,677499
C0539,Mori Shokuhin 539,7,685418
C0540,Tanaka Shoten 540,7,693337
C0541,Sakura Sangyo 541,7,701256
C0542,Aoba Seisaku 542,7,709175
C0543,Fuji Denki 543,7,717094
C0544,Yamato Shoji 544,7,725013
C0545,Kita Kogyo 545,7,732932
C0546,Mori Shokuhin 546,7,740851
C0547,Tanaka Shoten 547,7,748770
C0548,Sakura Sangyo 548,7,756689
C0549,Aoba Seisaku 549,7,764608
C0550,Fuji Denki 550,7,772527
C0551,Yamato Shoji 551,7,780446
C0552,Kita Kogyo 552,7,788365
C0553,Mori Shokuhin 553,7,796284
C0554,Tanaka Shoten 554,7,804203
C0555,Sakura Sangyo 555,7,812122
C0556,Aoba Seisaku 556,7,820041
C0557,Fuji Denki 557,7,827960
C0558,Yamato Shoji 558,7,835879
C0559,Kita Kogyo 559,7,843798
C0560,Mori Shokuhin 560,7,851717
C0561,Tanaka Shoten 561,7,859636
C0562,Sakura Sangyo 562,7,867555
C0563,Aoba Seisaku 563,7,875474
C0564,Fuji Denki 564,7,883393
C0565,Yamato Shoji 565,7,891312
C0566,Kita Kogyo 566,7,899231
C0567,Mori Shokuhin 567,7,12149
C0568,Tanaka Shoten 568,7,20068
C0569,Sakura Sangyo 569,7,27987
C0570,Aoba Seisaku 570,7,35906
C0571,Fuji Denki 571,7,43825
C0572,Yamato Shoji 572,7,51744
C0573,Kita Kogyo 573,7,59663
C0574,Mori Shokuhin 574,7,67582
C0575,Tanaka Shoten 575,7,75501
C0576,Sakura Sangyo 576,7,83420
C0577,Aoba Seisaku 577,7,91339
C0578,Fuji Denki 578,7,99258
C0579,Yamato Shoji 579,7,107177
C0580,Kita Kogyo 580,7,115096
C0581,Mori Shokuhin 581,7,123015
C0582,Tanaka Shoten 582,7,130934
C0583,Sakura Sangyo 583,7,138853
C0584,Aoba Seisaku 584,7,146772
C0585,Fuji Denki 585,7,154691
C0586,Yamato Shoji 586,7,162610
C0587,Kita Kogyo 587,7,170529
C0588,Mori Shokuhin 588,7,178448
C0589,Tanaka Shoten 589,7,186367
C0590,Sakura Sangyo 590,7,194286
C0591,Aoba Seisaku 591,7,202205
C0592,Fuji Denki 592,7,210124
C0593,Yamato Shoji 593,7,218043
C0594,Kita Kogyo 594,7,225962
C0595,Mori Shokuhin 595,7,233881
C0596,Tanaka Shoten 596,7,241800
C0597,Sakura Sangyo 597,7,249719
C0598,Aoba Seisaku 598,7,257638
C0599,Fuji Denki 599,7,265557
C0600,Yamato Shoji 600,7,273476
C0601,Kita Kogyo 601,7,281395
C0602,Mori Shokuhin 602,7,289314
C0603,Tanaka Shoten 603,7,297233
C0604,Sakura Sangyo 604,7,305152
C0605,Aoba Seisaku 605,7,313071
C0606,Fuji Denki 606,7,320990
C0607,Yamato Shoji 607,7,328909
C0608,Kita Kogyo 608,7,336828
C0609,Mori Shokuhin 609,7,344747
C0610,Tanaka Shoten 610,7,352666
C0611,Sakura Sangyo 611,7,360585
C0612,Aoba Seisaku 612,7,368504
C0613,Fuji Denki 613,7,376423
C0614,Yamato Shoji 614,7,384342
C0615,Kita Kogyo 615,7,392261
C0616,Mori Shokuhin 616,7,400180
C0617,Tanaka Shoten 617,7,408099
C0618,Sakura Sangyo 618,7,416018
C0619,Aoba Seisaku 619,7,423937
C0620,Fuji Denki 620,7,431856
C0621,Yamato Shoji 621,7,439775
C0622,Kita Kogyo 622,7,447694
C0623,Mori Shokuhin 623,7,455613
C0624,Tanaka Shoten 624,7,463532
C0625,Sakura Sangyo 625,7,471451
C0626,Aoba Seisaku 626,7,479370
C0627,Fuji Denki 627,7,487289
C0628,Yamato Shoji 628,7,495208
C0629,Kita Kogyo 629,7,503127
C0630,Mori Shokuhin 630,7,511046
C0631,Tanaka Shoten 631,7,518965
C0632,Sakura Sangyo 632,7,526884
C0633,Aoba Seisaku 633,7,534803
C0634,Fuji Denki 634,7,542722
C0635,Yamato Shoji 635,7,550641
C0636,Kita Kogyo 636,7,558560
C0637,Mori Shokuhin 637,7,566479
C0638,Tanaka Shoten 638,7,574398
C0639,Sakura Sangyo 639,7,582317
C0640,Aoba Seisaku 640,7,590236
C0641,Fuji Denki 641,7,598155
C0642,Yamato Shoji 642,7,606074
C0643,Kita Kogyo 643,7,613993
C0644,Mori Shokuhin 644,7,621912
C0645,Tanaka Shoten 645,7,629831
C0646,Sakura Sangyo 646,7,637750
C0647,Aoba Seisaku 647,7,645669
C0648,Fuji Denki 648,7,653588
C0649,Yamato Shoji 649,7,661507
C0650,Kita Kogyo 650,7,669426
C0651,Mori Shokuhin 651,7,677345
C0652,Tanaka Shoten 652,7,685264
C0653,Sakura Sangyo 653,7,693183
C0654,Aoba Seisaku 654,7,701102
C0655,Fuji Denki 655,7,709021
C0656,Yamato Shoji 656,7,716940
C0657,Kita Kogyo 657,7,724859
C0658,Mori Shokuhin 658,7,732778
C0659,Tanaka Shoten 659,7,740697
C0660,Sakura Sangyo 660,7,748616
C0661,Aoba Seisaku 661,7,756535
C0662,Fuji Denki 662,7,764454
C0663,Yamato Shoji 663,7,772373
C0664,Kita Kogyo 664,7,780292
C0665,Mori Shokuhin 665,7,788211
C0666,Tanaka Shoten 666,7,796130
C0667,Sakura Sangyo 667,7,804049
C0668,Aoba Seisaku 668,7,811968
C0669,Fuji Denki 669,7,819887
C0670,Yamato Shoji 670,7,827806
C0671,Kita Kogyo 671,7,835725
C0672,Mori Shokuhin 672,7,843644
C0673,Tanaka Shoten 673,7,851563
C0674,Sakura Sangyo 674,7,859482
C0675,Aoba Seisaku 675,7,867401
C0676,Fuji Denki 676,7,875320
C0677,Yamato Shoji 677,7,883239
C0678,Kita Kogyo 678,7,891158
C0679,Mori Shokuhin 679,7,899077
C0680,Tanaka Shoten 680,7,11995
C0681,Sakura Sangyo 681,7,19914
C0682,Aoba Seisaku 682,7,27833
C0683,Fuji Denki 683,7,35752
C0684,Yamato Shoji 684,7,43671
C0685,Kita Kogyo 685,7,51590
C0686,Mori Shokuhin 686,7,59509
C0687,Tanaka Shoten 687,7,67428
C0688,Sakura Sangyo 688,7,75347
C0689,Aoba Seisaku 689,7,83266
C0690,Fuji Denki 690,7,91185
C0691,Yamato Shoji 691,7,99104
C0692,Kita Kogyo 692,7,107023
C0693,Mori Shokuhin 693,7,114942
C0694,Tanaka Shoten 694,7,122861
C0695,Sakura Sangyo 695,7,130780
C0696,Aoba Seisaku 696,7,138699
C0697,Fuji Denki 697,7,146618
C0698,Yamato Shoji 698,7,154537
C0699,Kita Kogyo 699,7,162456
C0700,Mori Shokuhin 700,7,170375
C0701,Tanaka Shoten 701,7,178294
C0702,Sakura Sangyo 702,7,186213
C0703,Aoba Seisaku 703,7,194132
C0704,Fuji Denki 704,7,202051
C0705,Yamato Shoji 705,7,209970
C0706,Kita Kogyo 706,7,217889
C0707,Mori Shokuhin 707,7,225808
C0708,Tanaka Shoten 708,7,233727
C0709,Sakura Sangyo 709,7,241646
C0710,Aoba Seisaku 710,7,249565
C0711,Fuji Denki 711,7,257484
C0712,Yamato Shoji 712,7,265403
C0713,Kita Kogyo 713,7,273322
C0714,Mori Shokuhin 714,7,281241
C0715,Tanaka Shoten 715,7,289160
C0716,Sakura Sangyo 716,7,297079
C0717,Aoba Seisaku 717,7,304998
C0718,Fuji Denki 718,7,312917
C0719,Yamato Shoji 719,7,320836
C0720,Kita Kogyo 720,7,328755
C0721,Mori Shokuhin 721,7,336674
C0722,Tanaka Shoten 722,7,344593
C0723,Sakura Sangyo 723,7,352512
C0724,Aoba Seisaku 724,7,360431
C0725,Fuji Denki 725,7,368350
C0726,Yamato Shoji 726,7,376269
C0727,Kita Kogyo 727,7,384188
C0728,Mori Shokuhin 728,7,392107
C0729,Tanaka Shoten 729,7,400026
C0730,Sakura Sangyo 730,7,407945
C0731,Aoba Seisaku 731,7,415864
C0732,Fuji Denki 732,7,423783
C0733,Yamato Shoji 733,7,431702
C0734,Kita Kogyo 734,7,439621
C0735,Mori Shokuhin 735,7,447540
C0736,Tanaka Shoten 736,7,455459
C0737,Sakura Sangyo 737,7,463378
C0738,Aoba Seisaku 738,7,471297
C0739,Fuji Denki 739,7,479216
C0740,Yamato Shoji 740,7,487135
C0741,Kita Kogyo 741,7,495054
C0742,Mori Shokuhin 742,7,502973
C0743,Tanaka Shoten 743,7,510892
C0744,Sakura Sangyo 744,7,518811
C0745,Aoba Seisaku 745,7,526730
C0746,Fuji Denki 746,7,534649
C0747,Yamato Shoji 747,7,542568
C0748,Kita Kogyo 748,7,550487
C0749,Mori Shokuhin 749,7,558406
C0750,Tanaka Shoten 750,7,566325
C0751,Sakura Sangyo 751,7,574244
C0752,Aoba Seisaku 752,7,582163
C0753,Fuji Denki 753,7,590082
C0754,Yamato Shoji 754,7,598001
C0755,Kita Kogyo 755,7,605920
C0756,Mori Shokuhin 756,7,613839
C0757,Tanaka Shoten 757,7,621758
C0758,Sakura Sangyo 758,7,629677
C0759,Aoba Seisaku 759,7,637596
C0760,Fuji Denki 760,7,645515
C0761,Yamato Shoji 761,7,653434
C0762,Kita Kogyo 762,7,661353
C0763,Mori Shokuhin 763,7,669272
C0764,Tanaka Shoten 764,7,677191
C0765,Sakura Sangyo 765,7,685110
C0766,Aoba Seisaku 766,7,693029
C0767,Fuji Denki 767,7,700948
C0768,Yamato Shoji 768,7,708867
C0769,Kita Kogyo 769,7,716786
C0770,Mori Shokuhin 770,7,724705
C0771,Tanaka Shoten 771,7,732624
C0772,Sakura Sangyo 772,7,740543
C0773,Aoba Seisaku 773,7,748462
C0774,Fuji Denki 774,7,756381
C0775,Yamato Shoji 775,7,764300
C0776,Kita Kogyo 776,7,772219
C0777,Mori Shokuhin 777,7,780138
C0778,Tanaka Shoten 778,7,788057
C0779,Sakura Sangyo 779,7,795976
C0780,Aoba Seisaku 780,7,803895
C0781,Fuji Denki 781,7,811814
C0782,Yamato Shoji 782,7,819733
C0783,Kita Kogyo 783,7,827652
C0784,Mori Shokuhin 784,7,835571
C0785,Tanaka Shoten 785,7,843490
C0786,Sakura Sangyo 786,7,851409
C0787,Aoba Seisaku 787,7,859328
C0788,Fuji Denki 788,7,867247
C0789,Yamato Shoji 789,7,875166
C0790,Kita Kogyo 790,7,883085
C0791,Mori Shokuhin 791,7,891004
C0792,Tanaka Shoten 792,7,898923
C0793,Sakura Sangyo 793,7,11841
C0794,Aoba Seisaku 794,7,19760
C0795,Fuji Denki 795,7,27679
C0796,Yamato Shoji 796,7,35598
C0797,Kita Kogyo 797,7,43517
C0798,Mori Shokuhin 798,7,51436
C0799,Tanaka Shoten 799,7,59355
C0800,Sakura Sangyo 800,7,67274
C0801,Aoba Seisaku 801,7,75193
C0802,Fuji Denki 802,7,83112
C0803,Yamato Shoji 803,7,91031
C0804,Kita Kogyo 804,7,98950
C0805,Mori Shokuhin 805,7,106869
C0806,Tanaka Shoten 806,7,114788
C0807,Sakura Sangyo 807,7,122707
C0808,Aoba Seisaku 808,7,130626
C0809,Fuji Denki 809,7,138545
C0810,Yamato Shoji 810,7,146464
C0811,Kita Kogyo 811,7,154383
C0812,Mori Shokuhin 812,7,162302
C0813,Tanaka Shoten 813,7,170221
C0814,Sakura Sangyo 814,7,178140
C0815,Aoba Seisaku 815,7,186059
C0816,Fuji Denki 816,7,193978
C0817,Yamato Shoji 817,7,201897
C0818,Kita Kogyo 818,7,209816
C0819,Mori Shokuhin 819,7,217735
C0820,Tanaka Shoten 820,7,225654
C0821,Sakura Sangyo 821,7,233573
C0822,Aoba Seisaku 822,7,241492
C0823,Fuji Denki 823,7,249411
C0824,Yamato Shoji 824,7,257330
C0825,Kita Kogyo 825,7,265249
C0826,Mori Shokuhin 826,7,273168
C0827,Tanaka Shoten 827,7,281087
C0828,Sakura Sangyo 828,7,289006
C0829,Aoba Seisaku 829,7,296925
C0830,Fuji Denki 830,7,304844
C0831,Yamato Shoji 831,7,312763
C0832,Kita Kogyo 832,7,320682
C0833,Mori Shokuhin 833,7,328601
C0834,Tanaka Shoten 834,7,336520
C0835,Sakura Sangyo 835,7,344439
C0836,Aoba Seisaku 836,7,352358
C0837,Fuji Denki 837,7,360277
C0838,Yamato Shoji 838,7,368196
C0839,Kita Kogyo 839,7,376115
C0840,Mori Shokuhin 840,7,384034
C0841,Tanaka Shoten 841,7,391953
C0842,Sakura Sangyo 842,7,399872
C0843,Aoba Seisaku 843,7,407791
C0844,Fuji Denki 844,7,415710
C0845,Yamato Shoji 845,7,423629
C0846,Kita Kogyo 846,7,431548
C0847,Mori Shokuhin 847,7,439467
C0848,Tanaka Shoten 848,7,447386
C0849,Sakura Sangyo 849,7,455305
C0850,Aoba Seisaku 850,7,463224
C0851,Fuji Denki 851,7,471143
C0852,Yamato Shoji 852,7,479062
C0853,Kita Kogyo 853,7,486981
C0854,Mori Shokuhin 854,7,494900
C0855,Tanaka Shoten 855,7,502819
C0856,Sakura Sangyo 856,7,510738
C0857,Aoba Seisaku 857,7,518657
C0858,Fuji Denki 858,7,526576
C0859,Yamato Shoji 859,7,534495
C0860,Kita Kogyo 860,7,542414
C0861,Mori Shokuhin 861,7,550333
C0862,Tanaka Shoten 862,7,558252
C0863,Sakura Sangyo 863,7,566171
C0864,Aoba Seisaku 864,7,574090
C0865,Fuji Denki 865,7,582009
C0866,Yamato Shoji 866,7,589928
C0867,Kita Kogyo 867,7,597847
C0868,Mori Shokuhin 868,7,605766
C0869,Tanaka Shoten 869,7,613685
C0870,Sakura Sangyo 870,7,621604
C0871,Aoba Seisaku 871,7,629523
C0872,Fuji Denki 872,7,637442
C0873,Yamato Shoji 873,7,645361
C0874,Kita Kogyo 874,7,653280
C0875,Mori Shokuhin 875,7,661199
C0876,Tanaka Shoten 876,7,669118
C0877,Sakura Sangyo 877,7,677037
C0878,Aoba Seisaku 878,7,684956
C0879,Fuji Denki 879,7,692875
C0880,Yamato Shoji 880,7,700794
C0881,Kita Kogyo 881,7,708713
C0882,Mori Shokuhin 882,7,716632
C0883,Tanaka Shoten 883,7,724551
C0884,Sakura Sangyo 884,7,732470
C0885,Aoba Seisaku 885,7,740389
C0886,Fuji Denki 886,7,748308
C0887,Yamato Shoji 887,7,756227
C0888,Kita Kogyo 888,7,764146
C0889,Mori Shokuhin 889,7,772065
C0890,Tanaka Shoten 890,7,779984
C0891,Sakura Sangyo 891,7,787903
C0892,Aoba Seisaku 892,7,795822
C0893,Fuji Denki 893,7,803741
C0894,Yamato Shoji 894,7,811660
C0895,Kita Kogyo 895,7,819579
C0896,Mori Shokuhin 896,7,827498
C0897,Tanaka Shoten 897,7,835417
C0898,Sakura Sangyo 898,7,843336
C0899,Aoba Seisaku 899,7,851255
C0900,Fuji Denki 900,7,859174
C0901,Yamato Shoji 901,7,867093
C0902,Kita Kogyo 902,7,875012
C0903,Mori Shokuhin 903,7,882931
C0904,Tanaka Shoten 904,7,890850
C0905,Sakura Sangyo 905,7,898769
C0906,Aoba Seisaku 906,7,11687
C0907,Fuji Denki 907,7,19606
C0908,Yamato Shoji 908,7,27525
C0909,Kita Kogyo 909,7,35444
C0910,Mori Shokuhin 910,7,43363
C0911,Tanaka Shoten 911,7,51282
C0912,Sakura Sangyo 912,7,59201
C0913,Aoba Seisaku 913,7,67120
C0914,Fuji Denki 914,7,75039
C0915,Yamato Shoji 915,7,82958
C0916,Kita Kogyo 916,7,90877
C0917,Mori Shokuhin 917,7,98796
C0918,Tanaka Shoten 918,7,106715
C0919,Sakura Sangyo 919,7,114634
C0920,Aoba Seisaku 920,7,122553
C0921,Fuji Denki 921,7,130472
C0922,Yamato Shoji 922,7,138391
C0923,Kita Kogyo 923,7,146310
C0924,Mori Shokuhin 924,7,154229
C0925,Tanaka Shoten 925,7,162148
C0926,Sakura Sangyo 926,7,170067
C0927,Aoba Seisaku 927,7,177986
C0928,Fuji Denki 928,7,185905
C0929,Yamato Shoji 929,7,193824
C0930,Kita Kogyo 930,7,201743
C0931,Mori Shokuhin 931,7,209662
C0932,Tanaka Shoten 932,7,217581
C0933,Sakura Sangyo 933,7,225500
C0934,Aoba Seisaku 934,7,233419
C0935,Fuji Denki 935,7,241338
C0936,Yamato Shoji 936,7,249257
C0937,Kita Kogyo 937,7,257176
C0938,Mori Shokuhin 938,7,265095
C0939,Tanaka Shoten 939,7,273014
C0940,Sakura Sangyo 940,7,280933
C0941,Aoba Seisaku 941,7,288852
C0942,Fuji Denki 942,7,296771
C0943,Yamato Shoji 943,7,304690
C0944,Kita Kogyo 944,7,312609
C0945,Mori Shokuhin 945,7,320528
C0946,Tanaka Shoten 946,7,328447
C0947,Sakura Sangyo 947,7,336366
C0948,Aoba Seisaku 948,7,344285
C0949,Fuji Denki 949,7,352204
C0950,Yamato Shoji 950,7,360123
C0951,Kita Kogyo 951,7,368042
C0952,Mori Shokuhin 952,7,375961
C0953,Tanaka Shoten 953,7,383880
C0954,Sakura Sangyo 954,7,391799
C0955,Aoba Seisaku 955,7,399718
C0956,Fuji Denki 956,7,407637
C0957,Yamato Shoji 957,7,415556
C0958,Kita Kogyo 958,7,423475
C0959,Mori Shokuhin 959,7,431394
C0960,Tanaka Shoten 960,7,439313
C0961,Sakura Sangyo 961,7,447232
C0962,Aoba Seisaku 962,7,455151
C0963,Fuji Denki 963,7,463070
C0964,Yamato Shoji 964,7,470989
C0965,Kita Kogyo 965,7,478908
C0966,Mori Shokuhin 966,7,486827
C0967,Tanaka Shoten 967,7,494746
C0968,Sakura Sangyo 968,7,502665
C0969,Aoba Seisaku 969,7,510584
C0970,Fuji Denki 970,7,518503
C0971,Yamato Shoji 971,7,526422
C0972,Kita Kogyo 972,7,534341
C0973,Mori Shokuhin 973,7,542260
C0974,Tanaka Shoten 974,7,550179
C0975,Sakura Sangyo 975,7,558098
C0976,Aoba Seisaku 976,7,566017
C0977,Fuji Denki 977,7,573936
C0978,Yamato Shoji 978,7,581855
C0979,Kita Kogyo 979,7,589774
C0980,Mori Shokuhin 980,7,597693
C0981,Tanaka Shoten 981,7,605612
C0982,Sakura Sangyo 982,7,613531
C0983,Aoba Seisaku 983,7,621450
C0984,Fuji Denki 984,7,629369
C0985,Yamato Shoji 985,7,637288
C0986,Kita Kogyo 986,7,645207
C0987,Mori Shokuhin 987,7,653126
C0988,Tanaka Shoten 988,7,661045
C0989,Sakura Sangyo 989,7,668964
C0990,Aoba Seisaku 990,7,676883
C0991,Fuji Denki 991,7,684802
C0992,Yamato Shoji 992,7,692721
C0993,Kita Kogyo 993,7,700640
C0994,Mori Shokuhin 994,7,708559
C0995,Tanaka Shoten 995,7,716478
C0996,Sakura Sangyo 996,7,724397
C0997,Aoba Seisaku 997,7,732316
C0998,Fuji Denki 998,7,740235
C0999,Yamato Shoji 999,7,748154
C1000,Kita Kogyo 1000,7,756073
C1001,Mori Shokuhin 1001,7,763992
C1002,Tanaka Shoten 1002,7,771911
C1003,Sakura Sangyo 1003,7,779830
C1004,Aoba Seisaku 1004,7,787749
C1005,Fuji Denki 1005,7,795668
C1006,Yamato Shoji 1006,7,803587
C1007,Kita Kogyo 1007,7,811506
C1008,Mori Shokuhin 1008,7,819425
C1009,Tanaka Shoten 1009,7,827344
C1010,Sakura Sangyo 1010,7,835263
C1011,Aoba Seisaku 1011,7,843182
C1012,Fuji Denki 1012,7,851101
C1013,Yamato Shoji 1013,7,859020
C1014,Kita Kogyo 1014,7,866939
C1015,Mori Shokuhin 1015,7,874858
C1016,Tanaka Shoten 1016,7,882777
C1017,Sakura Sangyo 1017,7,890696
C1018,Aoba Seisaku 1018,7,898615
C1019,Fuji Denki 1019,7,11533
C1020,Yamato Shoji 1020,7,19452
C1021,Kita Kogyo 1021,7,27371
C1022,Mori Shokuhin 1022,7,35290
C1023,Tanaka Shoten 1023,7,43209
C1024,Sakura Sangyo 1024,7,51128
C1025,Aoba Seisaku 1025,7,59047
C1026,Fuji Denki 1026,7,66966
C1027,Yamato Shoji 1027,7,74885
C1028,Kita Kogyo 1028,7,82804
C1029,Mori Shokuhin 1029,7,90723
C1030,Tanaka Shoten 1030,7,98642
C1031,Sakura Sangyo 1031,7,106561
C1032,Aoba Seisaku 1032,7,114480
C1033,Fuji Denki 1033,7,122399
C1034,Yamato Shoji 1034,7,130318
C1035,Kita Kogyo 1035,7,138237
C1036,Mori Shokuhin 1036,7,146156
C1037,Tanaka Shoten 1037,7,154075
C1038,Sakura Sangyo 1038,7,161994
C1039,Aoba Seisaku 1039,7,169913
C1040,Fuji Denki 1040,7,177832
C1041,Yamato Shoji 1041,7,185751
C1042,Kita Kogyo 1042,7,193670
C1043,Mori Shokuhin 1043,7,201589
C1044,Tanaka Shoten 1044,7,209508
C1045,Sakura Sangyo 1045,7,217427
C1046,Aoba Seisaku 1046,7,225346
C1047,Fuji Denki 1047,7,233265
C1048,Yamato Shoji 1048,7,241184
C1049,Kita Kogyo 1049,7,249103
C1050,Mori Shokuhin 1050,7,257022
C1051,Tanaka Shoten 1051,7,264941
C1052,Sakura Sangyo 1052,7,272860
C1053,Aoba Seisaku 1053,7,280779
C1054,Fuji Denki 1054,7,288698
C1055,Yamato Shoji 1055,7,296617
C1056,Kita Kogyo 1056,7,304536
C1057,Mori Shokuhin 1057,7,312455
C1058,Tanaka Shoten 1058,7,320374
C1059,Sakura Sangyo 1059,7,328293
C1060,Aoba Seisaku 1060,7,336212
C1061,Fuji Denki 1061,7,344131
C1062,Yamato Shoji 1062,7,352050
C1063,Kita Kogyo 1063,7,359969
C1064,Mori Shokuhin 1064,7,367888
C1065,Tanaka Shoten 1065,7,375807
C1066,Sakura Sangyo 1066,7,383726
C1067,Aoba Seisaku 1067,7,391645
C1068,Fuji Denki 1068,7,399564
C1069,Yamato Shoji 1069,7,407483
C1070,Kita Kogyo 1070,7,415402
C1071,Mori Shokuhin 1071,7,423321
C1072,Tanaka Shoten 1072,7,431240
C1073,Sakura Sangyo 1073,7,439159
C1074,Aoba Seisaku 1074,7,447078
C1075,Fuji Denki 1075,7,454997
C1076,Yamato Shoji 1076,7,462916
C1077,Kita Kogyo 1077,7,470835
C1078,Mori Shokuhin 1078,7,478754
C1079,Tanaka Shoten 1079,7,486673
C1080,Sakura Sangyo 1080,7,494592
C1081,Aoba Seisaku 1081,7,502511
C1082,Fuji Denki 1082,7,510430
C1083,Yamato Shoji 1083,7,518349
C1084,Kita Kogyo 1084,7,526268
C1085,Mori Shokuhin 1085,7,534187
C1086,Tanaka Shoten 1086,7,542106
C1087,Sakura Sangyo 1087,7,550025
C1088,Aoba Seisaku 1088,7,557944
C1089,Fuji Denki 1089,7,565863
C1090,Yamato Shoji 1090,7,573782
C1091,Kita Kogyo 1091,7,581701
C1092,Mori Shokuhin 1092,7,589620
C1093,Tanaka Shoten 1093,7,597539
C1094,Sakura Sangyo 1094,7,605458
C1095,Aoba Seisaku 1095,7,613377
C1096,Fuji Denki 1096,7,621296
C1097,Yamato Shoji 1097,7,629215
C1098,Kita Kogyo 1098,7,637134
C1099,Mori Shokuhin 1099,7,645053
C1100,Tanaka Shoten 1100,7,652972
C1101,Sakura Sangyo 1101,7,660891
C1102,Aoba Seisaku 1102,7,668810
C1103,Fuji Denki 1103,7,676729
C1104,Yamato Shoji 1104,7,684648
C1105,Kita Kogyo 1105,7,692567
C1106,Mori Shokuhin 1106,7,700486
C1107,Tanaka Shoten 1107,7,708405
C1108,Sakura Sangyo 1108,7,716324
C1109,Aoba Seisaku 1109,7,724243
C1110,Fuji Denki 1110,7,732162
C1111,Yamato Shoji 1111,7,740081
C1112,Kita Kogyo 1112,7,748000
C1113,Mori Shokuhin 1113,7,755919
C1114,Tanaka Shoten 1114,7,763838
C1115,Sakura Sangyo 1115,7,771757
C1116,Aoba Seisaku 1116,7,779676
C1117,Fuji Denki 1117,7,787595
C1118,Yamato Shoji 1118,7,795514
C1119,Kita Kogyo 1119,7,803433
C1120,Mori Shokuhin 1120,7,811352
C1121,Tanaka Shoten 1121,7,819271
C1122,Sakura Sangyo 1122,7,827190
C1123,Aoba Seisaku 1123,7,835109
C1124,Fuji Denki 1124,7,843028
C1125,Yamato Shoji 1125,7,850947
C1126,Kita Kogyo 1126,7,858866
C1127,Mori Shokuhin 1127,7,866785
C1128,Tanaka Shoten 1128,7,874704
C1129,Sakura Sangyo 1129,7,882623
C1130,Aoba Seisaku 1130,7,890542
C1131,Fuji Denki 1131,7,898461
C1132,Yamato Shoji 1132,7,11379
C1133,Kita Kogyo 1133,7,19298
C1134,Mori Shokuhin 1134,7,27217
C1135,Tanaka Shoten 1135,7,35136
C1136,Sakura Sangyo 1136,7,43055
C1137,Aoba Seisaku 1137,7,50974
C1138,Fuji Denki 1138,7,58893
C1139,Yamato Shoji 1139,7,66812
C1140,Kita Kogyo 1140,7,74731
C1141,Mori Shokuhin 1141,7,82650
C1142,Tanaka Shoten 1142,7,90569
C1143,Sakura Sangyo 1143,7,98488
C1144,Aoba Seisaku 1144,7,106407
C1145,Fuji Denki 1145,7,114326
C1146,Yamato Shoji 1146,7,122245
C1147,Kita Kogyo 1147,7,130164
C1148,Mori Shokuhin 1148,7,138083
C1149,Tanaka Shoten 1149,7,146002
C1150,Sakura Sangyo 1150,7,153921
C1151,Aoba Seisaku 1151,7,161840
C1152,Fuji Denki 1152,7,169759
C1153,Yamato Shoji 1153,7,177678
C1154,Kita Kogyo 1154,7,185597
C1155,Mori Shokuhin 1155,7,193516
C1156,Tanaka Shoten 1156,7,201435
C1157,Sakura Sangyo 1157,7,209354
C1158,Aoba Seisaku 1158,7,217273
C1159,Fuji Denki 1159,7,225192
C1160,Yamato Shoji 1160,7,233111
C1161,Kita Kogyo 1161,7,241030
C1162,Mori Shokuhin 1162,7,248949
C1163,Tanaka Shoten 1163,7,256868
C1164,Sakura Sangyo 1164,7,264787
C1165,Aoba Seisaku 1165,7,272706
C1166,Fuji Denki 1166,7,280625
C1167,Yamato Shoji 1167,7,288544
C1168,Kita Kogyo 1168,7,296463
C1169,Mori Shokuhin 1169,7,304382
C1170,Tanaka Shoten 1170,7,312301
C1171,Sakura Sangyo 1171,7,320220
C1172,Aoba Seisaku 1172,7,328139
C1173,Fuji Denki 1173,7,336058
C1174,Yamato Shoji 1174,7,343977
C1175,Kita Kogyo 1175,7,351896
C1176,Mori Shokuhin 1176,7,359815
C1177,Tanaka Shoten 1177,7,367734
C1178,Sakura Sangyo 1178,7,375653
C1179,Aoba Seisaku 1179,7,383572
C1180,Fuji Denki 1180,7,391491
C1181,Yamato Shoji 1181,7,399410
C1182,Kita Kogyo 1182,7,407329
C1183,Mori Shokuhin 1183,7,415248
C1184,Tanaka Shoten 1184,7,423167
C1185,Sakura Sangyo 1185,7,431086
C1186,Aoba Seisaku 1186,7,439005
C1187,Fuji Denki 1187,7,446924
C1188,Yamato Shoji 1188,7,454843
C1189,Kita Kogyo 1189,7,462762
C1190,Mori Shokuhin 1190,7,470681
C1191,Tanaka Shoten 1191,7,478600
C1192,Sakura Sangyo 1192,7,486519
C1193,Aoba Seisaku 1193,7,494438
C1194,Fuji Denki 1194,7,502357
C1195,Yamato Shoji 1195,7,510276
C1196,Kita Kogyo 1196,7,518195
C1197,Mori Shokuhin 1197,7,526114
C1198,Tanaka Shoten 1198,7,534033
C1199,Sakura Sangyo 1199,7,541952
C1200,Aoba Seisaku 1200,7,549871
C1201,Fuji Denki 1201,7,557790
C1202,Yamato Shoji 1202,7,565709
C1203,Kita Kogyo 1203,7,573628
C1204,Mori Shokuhin 1204,7,581547
C1205,Tanaka Shoten 1205,7,589466
C1206,Sakura Sangyo 1206,7,597385
C1207,Aoba Seisaku 1207,7,605304
C1208,Fuji Denki 1208,7,613223
C1209,Yamato Shoji 1209,7,621142
C1210,Kita Kogyo 1210,7,629061
C1211,Mori Shokuhin 1211,7,636980
C1212,Tanaka Shoten 1212,7,644899
C1213,Sakura Sangyo 1213,7,652818
C1214,Aoba Seisaku 1214,7,660737
C1215,Fuji Denki 1215,1,668656
C1216,Yamato Shoji 1216,2,676575
C1217,Kita Kogyo 1217,3,684494
C1218,Mori Shokuhin 1218,4,692413
C1219,Tanaka Shoten 1219,5,700332
C1220,Sakura Sangyo 1220,6,708251
C1221,Aoba Seisaku 1221,8,716170
C1222,Fuji Denki 1222,1,724089
C1223,Yamato Shoji 1223,2,732008
C1224,Kita Kogyo 1224,3,739927
C1225,Mori Shokuhin 1225,4,747846
C1226,Tanaka Shoten 1226,5,755765
C1227,Sakura Sangyo 1227,6,763684
C1228,Aoba Seisaku 1228,8,771603
C1229,Fuji Denki 1229,1,779522
C1230,Yamato Shoji 1230,2,787441
C1231,Kita Kogyo 1231,3,795360
C1232,Mori Shokuhin 1232,4,803279
C1233,Tanaka Shoten 1233,5,811198
C1234,Sakura Sangyo 1234,6,819117
C1235,Aoba Seisaku 1235,8,827036
C1236,Fuji Denki 1236,1,834955
C1237,Yamato Shoji 1237,2,842874
C1238,Kita Kogyo 1238,3,850793
C1239,Mori Shokuhin 1239,4,858712
C1240,Tanaka Shoten 1240,5,866631
C1241,Sakura Sangyo 1241,6,874550
C1242,Aoba Seisaku 1242,8,882469
C1243,Fuji Denki 1243,1,890388
C1244,Yamato Shoji 1244,2,898307
C1245,Kita Kogyo 1245,3,11225
C1246,Mori Shokuhin 1246,4,19144
C1247,Tanaka Shoten 1247,5,27063
C1248,Sakura Sangyo 1248,6,34982
C1249,Aoba Seisaku 1249,8,42901
C1250,Fuji Denki 1250,1,50820
C1251,Yamato Shoji 1251,2,58739
C1252,Kita Kogyo 1252,3,66658
C1253,Mori Shokuhin 1253,4,74577
C1254,Tanaka Shoten 1254,5,82496
C1255,Sakura Sangyo 1255,6,90415
C1256,Aoba Seisaku 1256,8,98334
C1257,Fuji Denki 1257,1,106253
C1258,Yamato Shoji 1258,2,114172
C1259,Kita Kogyo 1259,3,122091
C1260,Mori Shokuhin 1260,4,130010
C1261,Tanaka Shoten 1261,5,137929
C1262,Sakura Sangyo 1262,6,145848
C1263,Aoba Seisaku 1263,8,153767
C1264,Fuji Denki 1264,1,161686
C1265,Yamato Shoji 1265,2,169605
C1266,Kita Kogyo 1266,3,177524
C1267,Mori Shokuhin 1267,4,185443
C1268,Tanaka Shoten 1268,5,193362
C1269,Sakura Sangyo 1269,6,201281
C1270,Aoba Seisaku 1270,8,209200
C1271,Fuji Denki 1271,1,217119
C1272,Yamato Shoji 1272,2,225038
C1273,Kita Kogyo 1273,3,232957
C1274,Mori Shokuhin 1274,4,240876
C1275,Tanaka Shoten 1275,5,248795
C1276,Sakura Sangyo 1276,6,256714
C1277,Aoba Seisaku 1277,8,264633
C1278,Fuji Denki 1278,1,272552
C1279,Yamato Shoji 1279,2,280471
C1280,Kita Kogyo 1280,3,288390
C1281,Mori Shokuhin 1281,4,296309
C1282,Tanaka Shoten 1282,5,304228
C1283,Sakura Sangyo 1283,6,312147
C1284,Aoba Seisaku 1284,8,320066
C1285,Fuji Denki 1285,1,327985
C1286,Yamato Shoji 1286,2,335904
C1287,Kita Kogyo 1287,3,343823
C1288,Mori Shokuhin 1288,4,351742
C1289,Tanaka Shoten 1289,5,359661
C1290,Sakura Sangyo 1290,6,367580
C1291,Aoba Seisaku 1291,8,375499
C1292,Fuji Denki 1292,1,383418
C1293,Yamato Shoji 1293,2,391337
C1294,Kita Kogyo 1294,3,399256
C1295,Mori Shokuhin 1295,4,407175
C1296,Tanaka Shoten 1296,5,415094
C1297,Sakura Sangyo 1297,6,423013
C1298,Aoba Seisaku 1298,8,430932
C1299,Fuji Denki 1299,1,438851
C1300,Yamato Shoji 1300,2,446770
C1301,Kita Kogyo 1301,3,454689
C1302,Mori Shokuhin 1302,4,462608
C1303,Tanaka Shoten 1303,5,470527
C1304,Sakura Sangyo 1304,6,478446
C1305,Aoba Seisaku 1305,8,486365
C1306,Fuji Denki 1306,1,494284
C1307,Yamato Shoji 1307,2,502203
C1308,Kita Kogyo 1308,3,510122
C1309,Mori Shokuhin 1309,4,518041
C1310,Tanaka Shoten 1310,5,525960
C1311,Sakura Sangyo 1311,6,533879
C1312,Aoba Seisaku 1312,8,541798
C1313,Fuji Denki 1313,1,549717
C1314,Yamato Shoji 1314,2,557636
C1315,Kita Kogyo 1315,3,565555
C1316,Mori Shokuhin 1316,4,573474
C1317,Tanaka Shoten 1317,5,581393
C1318,Sakura Sangyo 1318,6,589312
C1319,Aoba Seisaku 1319,8,597231
C1320,Fuji Denki 1320,1,605150
C1321,Yamato Shoji 1321,2,613069
C1322,Kita Kogyo 1322,3,620988
C1323,Mori Shokuhin 1323,4,628907
C1324,Tanaka Shoten 1324,5,636826
C1325,Sakura Sangyo 1325,6,644745
C1326,Aoba Seisaku 1326,8,652664
C1327,Fuji Denki 1327,1,660583
C1328,Yamato Shoji 1328,2,668502
C1329,Kita Kogyo 1329,3,676421
C1330,Mori Shokuhin 1330,4,684340
C1331,Tanaka Shoten 1331,5,692259
C1332,Sakura Sangyo 1332,6,700178
C1333,Aoba Seisaku 1333,8,708097
C1334,Fuji Denki 1334,1,716016
C1335,Yamato Shoji 1335,2,723935
C1336,Kita Kogyo 1336,3,731854
C1337,Mori Shokuhin 1337,4,739773
C1338,Tanaka Shoten 1338,5,747692
C1339,Sakura Sangyo 1339,6,755611
C1340,Aoba Seisaku 1340,8,763530
C1341,Fuji Denki 1341,1,771449
C1342,Yamato Shoji 1342,2,779368
C1343,Kita Kogyo 1343,3,787287
C1344,Mori Shokuhin 1344,4,795206
C1345,Tanaka Shoten 1345,5,803125
C1346,Sakura Sangyo 1346,6,811044
C1347,Aoba Seisaku 1347,8,818963
C1348,Fuji Denki 1348,1,826882
C1349,Yamato Shoji 1349,2,834801
C1350,Kita Kogyo 1350,3,842720
C1351,Mori Shokuhin 1351,4,850639
C1352,Tanaka Shoten 1352,5,858558
C1353,Sakura Sangyo 1353,6,866477
C1354,Aoba Seisaku 1354,8,874396
C1355,Fuji Denki 1355,1,882315
C1356,Yamato Shoji 1356,2,890234
C1357,Kita Kogyo 1357,3,898153
C1358,Mori Shokuhin 1358,4,11071
C1359,Tanaka Shoten 1359,5,18990
C1360,Sakura Sangyo 1360,6,26909
C1361,Aoba Seisaku 1361,8,34828
C1362,Fuji Denki 1362,1,42747
C1363,Yamato Shoji 1363,2,50666
C1364,Kita Kogyo 1364,3,58585
C1365,Mori Shokuhin 1365,4,66504
C1366,Tanaka Shoten 1366,5,74423
C1367,Sakura Sangyo 1367,6,82342
C1368,Aoba Seisaku 1368,8,90261
C1369,Fuji Denki 1369,1,98180
C1370,Yamato Shoji 1370,2,106099
C1371,Kita Kogyo 1371,3,114018
C1372,Mori Shokuhin 1372,4,121937
C1373,Tanaka Shoten 1373,5,129856
C1374,Sakura Sangyo 1374,6,137775
C1375,Aoba Seisaku 1375,8,145694
C1376,Fuji Denki 1376,1,153613
C1377,Yamato Shoji 1377,2,161532
C1378,Kita Kogyo 1378,3,169451
C1379,Mori Shokuhin 1379,4,177370
C1380,Tanaka Shoten 1380,5,185289
C1381,Sakura Sangyo 1381,6,193208
C1382,Aoba Seisaku 1382,8,201127
C1383,Fuji Denki 1383,1,209046
C1384,Yamato Shoji 1384,2,216965
C1385,Kita Kogyo 1385,3,224884
C1386,Mori Shokuhin 1386,4,232803
C1387,Tanaka Shoten 1387,5,240722
C1388,Sakura Sangyo 1388,6,248641
C1389,Aoba Seisaku 1389,8,256560
C1390,Fuji Denki 1390,1,264479
C1391,Yamato Shoji 1391,2,272398
C1392,Kita Kogyo 1392,3,280317
C1393,Mori Shokuhin 1393,4,288236
C1394,Tanaka Shoten 1394,5,296155
C1395,Sakura Sangyo 1395,6,304074
C1396,Aoba Seisaku 1396,8,311993
C1397,Fuji Denki 1397,1,319912
C1398,Yamato Shoji 1398,2,327831
C1399,Kita Kogyo 1399,3,335750
C1400,Mori Shokuhin 1400,4,343669
C1401,Tanaka Shoten 1401,5,351588
C1402,Sakura Sangyo 1402,6,359507
C1403,Aoba Seisaku 1403,8,367426
C1404,Fuji Denki 1404,1,375345
C1405,Yamato Shoji 1405,2,383264
C1406,Kita Kogyo 1406,3,391183
C1407,Mori Shokuhin 1407,4,399102
C1408,Tanaka Shoten 1408,5,407021
C1409,Sakura Sangyo 1409,6,414940
C1410,Aoba Seisaku 1410,8,422859
C1411,Fuji Denki 1411,1,430778
C1412,Yamato Shoji 1412,2,438697
C1413,Kita Kogyo 1413,3,446616
C1414,Mori Shokuhin 1414,4,454535
C1415,Tanaka Shoten 1415,5,462454
C1416,Sakura Sangyo 1416,6,470373
C1417,Aoba Seisaku 1417,8,478292
C1418,Fuji Denki 1418,1,486211
C1419,Yamato Shoji 1419,2,494130
C1420,Kita Kogyo 1420,3,502049
C1421,Mori Shokuhin 1421,4,509968
C1422,Tanaka Shoten 1422,5,517887
C1423,Sakura Sangyo 1423,6,525806
C1424,Aoba Seisaku 1424,8,533725
C1425,Fuji Denki 1425,1,541644
C1426,Yamato Shoji 1426,2,549563
C1427,Kita Kogyo 1427,3,557482
C1428,Mori Shokuhin 1428,4,565401
C1429,Tanaka Shoten 1429,5,573320
C1430,Sakura Sangyo 1430,6,581239
C1431,Aoba Seisaku 1431,8,589158
C1432,Fuji Denki 1432,1,597077
C1433,Yamato Shoji 1433,2,604996
C1434,Kita Kogyo 1434,3,612915
C1435,Mori Shokuhin 1435,4,620834
C1436,Tanaka Shoten 1436,5,628753
C1437,Sakura Sangyo 1437,6,636672
C1438,Aoba Seisaku 1438,8,644591
C1439,Fuji Denki 1439,1,652510
C1440,Yamato Shoji 1440,2,660429
C1441,Kita Kogyo 1441,3,668348
C1442,Mori Shokuhin 1442,4,676267
C1443,Tanaka Shoten 1443,5,684186
C1444,Sakura Sangyo 1444,6,692105
C1445,Aoba Seisaku 1445,8,700024
C1446,Fuji Denki 1446,1,707943
C1447,Yamato Shoji 1447,2,715862
C1448,Kita Kogyo 1448,3,723781
C1449,Mori Shokuhin 1449,4,731700
C1450,Tanaka Shoten 1450,5,739619
C1451,Sakura Sangyo 1451,6,747538
C1452,Aoba Seisaku 1452,8,755457
C1453,Fuji Denki 1453,1,763376
C1454,Yamato Shoji 1454,2,771295
C1455,Kita Kogyo 1455,3,779214
C1456,Mori Shokuhin 1456,4,787133
C1457,Tanaka Shoten 1457,5,795052
C1458,Sakura Sangyo 1458,6,802971
C1459,Aoba Seisaku 1459,8,810890
C1460,Fuji Denki 1460,1,818809
C1461,Yamato Shoji 1461,2,826728
C1462,Kita Kogyo 1462,3,834647
C1463,Mori Shokuhin 1463,4,842566
C1464,Tanaka Shoten 1464,5,850485
C1465,Sakura Sangyo 1465,6,858404
C1466,Aoba Seisaku 1466,8,866323
C1467,Fuji Denki 1467,1,874242
C1468,Yamato Shoji 1468,2,882161
C1469,Kita Kogyo 1469,3,890080
C1470,Mori Shokuhin 1470,4,897999
C1471,Tanaka Shoten 1471,5,10917
C1472,Sakura Sangyo 1472,6,18836
C1473,Aoba Seisaku 1473,8,26755
C1474,Fuji Denki 1474,1,34674
C1475,Yamato Shoji 1475,2,42593
C1476,Kita Kogyo 1476,3,50512
C1477,Mori Shokuhin 1477,4,58431
C1478,Tanaka Shoten 1478,5,66350
C1479,Sakura Sangyo 1479,6,74269
C1480,Aoba Seisaku 1480,8,82188
C1481,Fuji Denki 1481,1,90107
C1482,Yamato Shoji 1482,2,98026
C1483,Kita Kogyo 1483,3,105945
C1484,Mori Shokuhin 1484,4,113864
C1485,Tanaka Shoten 1485,5,121783
C1486,Sakura Sangyo 1486,6,129702
C1487,Aoba Seisaku 1487,8,137621
C1488,Fuji Denki 1488,1,145540
C1489,Yamato Shoji 1489,2,153459
C1490,Kita Kogyo 1490,3,161378
C1491,Mori Shokuhin 1491,4,169297
C1492,Tanaka Shoten 1492,5,177216
C1493,Sakura Sangyo 1493,6,185135
C1494,Aoba Seisaku 1494,8,193054
C1495,Fuji Denki 1495,1,200973
C1496,Yamato Shoji 1496,2,208892
C1497,Kita Kogyo 1497,3,216811
C1498,Mori Shokuhin 1498,4,224730
C1499,Tanaka Shoten 1499,5,232649
C1500,Sakura Sangyo 1500,6,240568
C1501,Aoba Seisaku 1501,8,248487
C1502,Fuji Denki 1502,1,256406
C1503,Yamato Shoji 1503,2,264325
C1504,Kita Kogyo 1504,3,272244
C1505,Mori Shokuhin 1505,4,280163
C1506,Tanaka Shoten 1506,5,288082
C1507,Sakura Sangyo 1507,6,296001
C1508,Aoba Seisaku 1508,8,303920
C1509,Fuji Denki 1509,1,311839
C1510,Yamato Shoji 1510,2,319758
C1511,Kita Kogyo 1511,3,327677
C1512,Mori Shokuhin 1512,4,335596
C1513,Tanaka Shoten 1513,5,343515
C1514,Sakura Sangyo 1514,6,351434
C1515,Aoba Seisaku 1515,8,359353
C1516,Fuji Denki 1516,1,367272
C1517,Yamato Shoji 1517,2,375191
C1518,Kita Kogyo 1518,3,383110
C1519,Mori Shokuhin 1519,4,391029
C1520,Tanaka Shoten 1520,5,398948
C1521,Sakura Sangyo 1521,6,406867
C1522,Aoba Seisaku 1522,8,414786
C1523,Fuji Denki 1523,1,422705
C1524,Yamato Shoji 1524,2,430624
C1525,Kita Kogyo 1525,3,438543
C1526,Mori Shokuhin 1526,4,446462
C1527,Tanaka Shoten 1527,5,454381
C1528,Sakura Sangyo 1528,6,462300
C1529,Aoba Seisaku 1529,8,470219
C1530,Fuji Denki 1530,1,478138
C1531,Yamato Shoji 1531,2,486057
C1532,Kita Kogyo 1532,3,493976
C1533,Mori Shokuhin 1533,4,501895
C1534,Tanaka Shoten 1534,5,509814
C1535,Sakura Sangyo 1535,6,517733
C1536,Aoba Seisaku 1536,8,525652
C1537,Fuji Denki 1537,1,533571
C1538,Yamato Shoji 1538,2,541490
C1539,Kita Kogyo 1539,3,549409
C1540,Mori Shokuhin 1540,4,557328
C1541,Tanaka Shoten 1541,5,565247
C1542,Sakura Sangyo 1542,6,573166
C1543,Aoba Seisaku 1543,8,581085
C1544,Fuji Denki 1544,1,589004
C1545,Yamato Shoji 1545,2,596923
C1546,Kita Kogyo 1546,3,604842
C1547,Mori Shokuhin 1547,4,612761
C1548,Tanaka Shoten 1548,5,620680
C1549,Sakura Sangyo 1549,6,628599
C1550,Aoba Seisaku 1550,8,636518
C1551,Fuji Denki 1551,1,644437
C1552,Yamato Shoji 1552,2,652356
C1553,Kita Kogyo 1553,3,660275
C1554,Mori Shokuhin 1554,4,668194
C1555,Tanaka Shoten 1555,5,676113
C1556,Sakura Sangyo 1556,6,684032
C1557,Aoba Seisaku 1557,8,691951
C1558,Fuji Denki 1558,1,699870
C1559,Yamato Shoji 1559,2,707789
C1560,Kita Kogyo 1560,3,715708
C1561,Mori Shokuhin 1561,4,723627
C1562,Tanaka Shoten 1562,5,731546
C1563,Sakura Sangyo 1563,6,739465
C1564,Aoba Seisaku 1564,8,747384
C1565,Fuji Denki 1565,1,755303
C1566,Yamato Shoji 1566,2,763222
C1567,Kita Kogyo 1567,3,771141
C1568,Mori Shokuhin 1568,4,779060
C1569,Tanaka Shoten 1569,5,786979
C1570,Sakura Sangyo 1570,6,794898
C1571,Aoba Seisaku 1571,8,802817
C1572,Fuji Denki 1572,1,810736
C1573,Yamato Shoji 1573,2,818655
C1574,Kita Kogyo 1574,3,826574
C1575,Mori Shokuhin 1575,4,834493
C1576,Tanaka Shoten 1576,5,842412
C1577,Sakura Sangyo 1577,6,850331
C1578,Aoba Seisaku 1578,8,858250
C1579,Fuji Denki 1579,1,866169
C1580,Yamato Shoji 1580,2,874088
C1581,Kita Kogyo 1581,3,882007
C1582,Mori Shokuhin 1582,4,889926
C1583,Tanaka Shoten 1583,5,897845
C1584,Sakura Sangyo 1584,6,10763
C1585,Aoba Seisaku 1585,8,18682
C1586,Fuji Denki 1586,1,26601
C1587,Yamato Shoji 1587,2,34520
C1588,Kita Kogyo 1588,3,42439
C1589,Mori Shokuhin 1589,4,50358
C1590,Tanaka Shoten 1590,5,58277
C1591,Sakura Sangyo 1591,6,66196
C1592,Aoba Seisaku 1592,8,74115
C1593,Fuji Denki 1593,1,82034
C1594,Yamato Shoji 1594,2,89953
C1595,Kita Kogyo 1595,3,97872
C1596,Mori Shokuhin 1596,4,105791
C1597,Tanaka Shoten 1597,5,113710
C1598,Sakura Sangyo 1598,6,121629
C1599,Aoba Seisaku 1599,8,129548
C1600,Fuji Denki 1600,1,137467
C1601,Yamato Shoji 1601,2,145386
C1602,Kita Kogyo 1602,3,153305
C1603,Mori Shokuhin 1603,4,161224
C1604,Tanaka Shoten 1604,5,169143
C1605,Sakura Sangyo 1605,6,177062
C1606,Aoba Seisaku 1606,8,184981
C1607,Fuji Denki 1607,1,192900
C1608,Yamato Shoji 1608,2,200819
C1609,Kita Kogyo 1609,3,208738
C1610,Mori Shokuhin 1610,4,216657
C1611,Tanaka Shoten 1611,5,224576
C1612,Sakura Sangyo 1612,6,232495
C1613,Aoba Seisaku 1613,8,240414
C1614,Fuji Denki 1614,1,248333
C1615,Yamato Shoji 1615,2,256252
C1616,Kita Kogyo 1616,3,264171
C1617,Mori Shokuhin 1617,4,272090
C1618,Tanaka Shoten 1618,5,280009
C1619,Sakura Sangyo 1619,6,287928
C1620,Aoba Seisaku 1620,8,295847
C1621,Fuji Denki 1621,1,303766
C1622,Yamato Shoji 1622,2,311685
C1623,Kita Kogyo 1623,3,319604
C1624,Mori Shokuhin 1624,4,327523
C1625,Tanaka Shoten 1625,5,335442
C1626,Sakura Sangyo 1626,6,343361
C1627,Aoba Seisaku 1627,8,351280
C1628,Fuji Denki 1628,1,359199
C1629,Yamato Shoji 1629,2,367118
C1630,Kita Kogyo 1630,3,375037
C1631,Mori Shokuhin 1631,4,382956
C1632,Tanaka Shoten 1632,5,390875
C1633,Sakura Sangyo 1633,6,398794
C1634,Aoba Seisaku 1634,8,406713
C1635,Fuji Denki 1635,1,414632
C1636,Yamato Shoji 1636,2,422551
C1637,Kita Kogyo 1637,3,430470
C1638,Mori Shokuhin 1638,4,438389
C1639,Tanaka Shoten 1639,5,446308
C1640,Sakura Sangyo 1640,6,454227
C1641,Aoba Seisaku 1641,8,462146
C1642,Fuji Denki 1642,1,470065
C1643,Yamato Shoji 1643,2,477984
C1644,Kita Kogyo 1644,3,485903
C1645,Mori Shokuhin 1645,4,493822
C1646,Tanaka Shoten 1646,5,501741
C1647,Sakura Sangyo 1647,6,509660
C1648,Aoba Seisaku 1648,8,517579
C1649,Fuji Denki 1649,1,525498
C1650,Yamato Shoji 1650,2,533417
C1651,Kita Kogyo 1651,3,541336
C1652,Mori Shokuhin 1652,4,549255
C1653,Tanaka Shoten 1653,5,557174
C1654,Sakura Sangyo 1654,6,565093
C1655,Aoba Seisaku 1655,8,573012
C1656,Fuji Denki 1656,1,580931
C1657,Yamato Shoji 1657,2,588850
C1658,Kita Kogyo 1658,3,596769
C1659,Mori Shokuhin 1659,4,604688
C1660,Tanaka Shoten 1660,5,612607
C1661,Sakura Sangyo 1661,6,620526
C1662,Aoba Seisaku 1662,8,628445
C1663,Fuji Denki 1663,1,636364
C1664,Yamato Shoji 1664,2,644283
C1665,Kita Kogyo 1665,3,652202
C1666,Mori Shokuhin 1666,4,660121
C1667,Tanaka Shoten 1667,5,668040
C1668,Sakura Sangyo 1668,6,675959
C1669,Aoba Seisaku 1669,8,683878
C1670,Fuji Denki 1670,1,691797
C1671,Yamato Shoji 1671,2,699716
C1672,Kita Kogyo 1672,3,707635
C1673,Mori Shokuhin 1673,4,715554
C1674,Tanaka Shoten 1674,5,723473
C1675,Sakura Sangyo 1675,6,731392
C1676,Aoba Seisaku 1676,8,739311
C1677,Fuji Denki 1677,1,747230
C1678,Yamato Shoji 1678,2,755149
C1679,Kita Kogyo 1679,3,763068
C1680,Mori Shokuhin 1680,4,770987
C1681,Tanaka Shoten 1681,5,778906
C1682,Sakura Sangyo 1682,6,786825
C1683,Aoba Seisaku 1683,8,794744
C1684,Fuji Denki 1684,1,802663
C1685,Yamato Shoji 1685,2,810582
C1686,Kita Kogyo 1686,3,818501
C1687,Mori Shokuhin 1687,4,826420
C1688,Tanaka Shoten 1688,5,834339
C1689,Sakura Sangyo 1689,6,842258
C1690,Aoba Seisaku 1690,8,850177
C1691,Fuji Denki 1691,1,858096
C1692,Yamato Shoji 1692,2,866015
C1693,Kita Kogyo 1693,3,873934
C1694,Mori Shokuhin 1694,4,881853
C1695,Tanaka Shoten 1695,5,889772
C1696,Sakura Sangyo 1696,6,897691
C1697,Aoba Seisaku 1697,8,10609
C1698,Fuji Denki 1698,1,18528
C1699,Yamato Shoji 1699,2,26447
C1700,Kita Kogyo 1700,3,34366
C1701,Mori Shokuhin 1701,4,42285
C1702,Tanaka Shoten 1702,5,50204
C1703,Sakura Sangyo 1703,6,58123
C1704,Aoba Seisaku 1704,8,66042
C1705,Fuji Denki 1705,1,73961
C1706,Yamato Shoji 1706,2,81880
C1707,Kita Kogyo 1707,3,89799
C1708,Mori Shokuhin 1708,4,97718
C1709,Tanaka Shoten 1709,5,105637
C1710,Sakura Sangyo 1710,6,113556
C1711,Aoba Seisaku 1711,8,121475
C1712,Fuji Denki 1712,1,129394
C1713,Yamato Shoji 1713,2,137313
C1714,Kita Kogyo 1714,3,145232
C1715,Mori Shokuhin 1715,4,153151
C1716,Tanaka Shoten 1716,5,161070
C1717,Sakura Sangyo 1717,6,168989
C1718,Aoba Seisaku 1718,8,176908
C1719,Fuji Denki 1719,1,184827
C1720,Yamato Shoji 1720,2,192746
C1721,Kita Kogyo 1721,3,200665
C1722,Mori Shokuhin 1722,4,208584
C1723,Tanaka Shoten 1723,5,216503
C1724,Sakura Sangyo 1724,6,224422
C1725,Aoba Seisaku 1725,8,232341
C1726,Fuji Denki 1726,1,240260
C1727,Yamato Shoji 1727,2,248179
C1728,Kita Kogyo 1728,3,256098
C1729,Mori Shokuhin 1729,4,264017
C1730,Tanaka Shoten 1730,5,271936
C1731,Sakura Sangyo 1731,6,279855
C1732,Aoba Seisaku 1732,8,287774
C1733,Fuji Denki 1733,1,295693
C1734,Yamato Shoji 1734,2,303612
C1735,Kita Kogyo 1735,3,311531
C1736,Mori Shokuhin 1736,4,319450
C1737,Tanaka Shoten 1737,5,327369
C1738,Sakura Sangyo 1738,6,335288
C1739,Aoba Seisaku 1739,8,343207
C1740,Fuji Denki 1740,1,351126
C1741,Yamato Shoji 1741,2,359045
C1742,Kita Kogyo 1742,3,366964
C1743,Mori Shokuhin 1743,4,374883
C1744,Tanaka Shoten 1744,5,382802
C1745,Sakura Sangyo 1745,6,390721
C1746,Aoba Seisaku 1746,8,398640
C1747,Fuji Denki 1747,1,406559
C1748,Yamato Shoji 1748,2,414478
C1749,Kita Kogyo 1749,3,422397
C1750,Mori Shokuhin 1750,4,430316
C1751,Tanaka Shoten 1751,5,438235
C1752,Sakura Sangyo 1752,6,446154
C1753,Aoba Seisaku 1753,8,454073
C1754,Fuji Denki 1754,1,461992
C1755,Yamato Shoji 1755,2,469911
C1756,Kita Kogyo 1756,3,477830
C1757,Mori Shokuhin 1757,4,485749
C1758,Tanaka Shoten 1758,5,493668
C1759,Sakura Sangyo 1759,6,501587
C1760,Aoba Seisaku 1760,8,509506
C1761,Fuji Denki 1761,1,517425
C1762,Yamato Shoji 1762,2,525344
C1763,Kita Kogyo 1763,3,533263
C1764,Mori Shokuhin 1764,4,541182
C1765,Tanaka Shoten 1765,5,549101
C1766,Sakura Sangyo 1766,6,557020
C1767,Aoba Seisaku 1767,8,564939
C1768,Fuji Denki 1768,1,572858
C1769,Yamato Shoji 1769,2,580777
C1770,Kita Kogyo 1770,3,588696
C1771,Mori Shokuhin 1771,4,596615
C1772,Tanaka Shoten 1772,5,604534
C1773,Sakura Sangyo 1773,6,612453
C1774,Aoba Seisaku 1774,8,620372
C1775,Fuji Denki 1775,1,628291
C1776,Yamato Shoji 1776,2,636210
C1777,Kita Kogyo 1777,3,644129
C1778,Mori Shokuhin 1778,4,652048
C1779,Tanaka Shoten 1779,5,659967
C1780,Sakura Sangyo 1780,6,667886
C1781,Aoba Seisaku 1781,8,675805
C1782,Fuji Denki 1782,1,683724
C1783,Yamato Shoji 1783,2,691643
C1784,Kita Kogyo 1784,3,699562
C1785,Mori Shokuhin 1785,4,707481
C1786,Tanaka Shoten 1786,5,715400
C1787,Sakura Sangyo 1787,6,723319
C1788,Aoba Seisaku 1788,8,731238
C1789,Fuji Denki 1789,1,739157
C1790,Yamato Shoji 1790,2,747076
C1791,Kita Kogyo 1791,3,754995
C1792,Mori Shokuhin 1792,4,762914
C1793,Tanaka Shoten 1793,5,770833
C1794,Sakura Sangyo 1794,6,778752
C1795,Aoba Seisaku 1795,8,786671
C1796,Fuji Denki 1796,1,794590
C1797,Yamato Shoji 1797,2,802509
C1798,Kita Kogyo 1798,3,810428
C1799,Mori Shokuhin 1799,4,818347
C1800,Tanaka Shoten 1800,5,826266
C1801,Sakura Sangyo 1801,6,834185
C1802,Aoba Seisaku 1802,8,842104
C1803,Fuji Denki 1803,1,850023
C1804,Yamato Shoji 1804,2,857942
C1805,Kita Kogyo 1805,3,865861
C1806,Mori Shokuhin 1806,4,873780
C1807,Tanaka Shoten 1807,5,881699
C1808,Sakura Sangyo 1808,6,889618
C1809,Aoba Seisaku 1809,8,897537
C1810,Fuji Denki 1810,1,10455
C1811,Yamato Shoji 1811,2,18374
C1812,Kita Kogyo 1812,3,26293
C1813,Mori Shokuhin 1813,4,34212
C1814,Tanaka Shoten 1814,5,42131
C1815,Sakura Sangyo 1815,6,50050
C1816,Aoba Seisaku 1816,8,57969
C1817,Fuji Denki 1817,1,65888
C1818,Yamato Shoji 1818,2,73807
C1819,Kita Kogyo 1819,3,81726
C1820,Mori Shokuhin 1820,4,89645
C1821,Tanaka Shoten 1821,5,97564
C1822,Sakura Sangyo 1822,6,105483
C1823,Aoba Seisaku 1823,8,113402
C1824,Fuji Denki 1824,1,121321
C1825,Yamato Shoji 1825,2,129240
C1826,Kita Kogyo 1826,3,137159
C1827,Mori Shokuhin 1827,4,145078
C1828,Tanaka Shoten 1828,5,152997
C1829,Sakura Sangyo 1829,6,160916
C1830,Aoba Seisaku 1830,8,168835
C1831,Fuji Denki 1831,1,176754
C1832,Yamato Shoji 1832,2,184673
C1833,Kita Kogyo 1833,3,192592
C1834,Mori Shokuhin 1834,4,200511
C1835,Tanaka Shoten 1835,5,208430
C1836,Sakura Sangyo 1836,6,216349
C1837,Aoba Seisaku 1837,8,224268
C1838,Fuji Denki 1838,1,232187
C1839,Yamato Shoji 1839,2,240106
C1840,Kita Kogyo 1840,3,248025
C1841,Mori Shokuhin 1841,4,255944
C1842,Tanaka Shoten 1842,5,263863
C1843,Sakura Sangyo 1843,6,271782
C1844,Aoba Seisaku 1844,8,279701
C1845,Fuji Denki 1845,1,287620
C1846,Yamato Shoji 1846,2,295539
C1847,Kita Kogyo 1847,3,303458
C1848,Mori Shokuhin 1848,4,311377
C1849,Tanaka Shoten 1849,5,319296
C1850,Sakura Sangyo 1850,6,327215
C1851,Aoba Seisaku 1851,8,335134
C1852,Fuji Denki 1852,1,343053
C1853,Yamato Shoji 1853,2,350972
C1854,Kita Kogyo 1854,3,358891
C1855,Mori Shokuhin 1855,4,366810
C1856,Tanaka Shoten 1856,5,374729
C1857,Sakura Sangyo 1857,6,382648
C1858,Aoba Seisaku 1858,8,390567
C1859,Fuji Denki 1859,1,398486
C1860,Yamato Shoji 1860,2,406405
C1861,Kita Kogyo 1861,3,414324
C1862,Mori Shokuhin 1862,4,422243
C1863,Tanaka Shoten 1863,5,430162
C1864,Sakura Sangyo 1864,6,438081
C1865,Aoba Seisaku 1865,8,446000
C1866,Fuji Denki 1866,1,453919
C1867,Yamato Shoji 1867,2,461838
C1868,Kita Kogyo 1868,3,469757
C1869,Mori Shokuhin 1869,4,477676
C1870,Tanaka Shoten 1870,5,485595
C1871,Sakura Sangyo 1871,6,493514
C1872,Aoba Seisaku 1872,8,501433
C1873,Fuji Denki 1873,1,509352
C1874,Yamato Shoji 1874,2,517271
C1875,Kita Kogyo 1875,3,525190
C1876,Mori Shokuhin 1876,4,533109
C1877,Tanaka Shoten 1877,5,541028
C1878,Sakura Sangyo 1878,6,548947
C1879,Aoba Seisaku 1879,8,556866
C1880,Fuji Denki 1880,1,564785
C1881,Yamato Shoji 1881,2,572704
C1882,Kita Kogyo 1882,3,580623
C1883,Mori Shokuhin 1883,4,588542
C1884,Tanaka Shoten 1884,5,596461
C1885,Sakura Sangyo 1885,6,604380
C1886,Aoba Seisaku 1886,8,612299
C1887,Fuji Denki 1887,1,620218
C1888,Yamato Shoji 1888,2,628137
C1889,Kita Kogyo 1889,3,636056
C1890,Mori Shokuhin 1890,4,643975
C1891,Tanaka Shoten 1891,5,651894
C1892,Sakura Sangyo 1892,6,659813
C1893,Aoba Seisaku 1893,8,667732
C1894,Fuji Denki 1894,1,675651
C1895,Yamato Shoji 1895,2,683570
C1896,Kita Kogyo 1896,3,691489
C1897,Mori Shokuhin 1897,4,699408
C1898,Tanaka Shoten 1898,5,707327
C1899,Sakura Sangyo 1899,6,715246
C1900,Aoba Seisaku 1900,8,723165
C1901,Fuji Denki 1901,1,731084
C1902,Yamato Shoji 1902,2,739003
C1903,Kita Kogyo 1903,3,746922
C1904,Mori Shokuhin 1904,4,754841
C1905,Tanaka Shoten 1905,5,762760
C1906,Sakura Sangyo 1906,6,770679
C1907,Aoba Seisaku 1907,8,778598
C1908,Fuji Denki 1908,1,786517
C1909,Yamato Shoji 1909,2,794436
C1910,Kita Kogyo 1910,3,802355
C1911,Mori Shokuhin 1911,4,810274
C1912,Tanaka Shoten 1912,5,818193
C1913,Sakura Sangyo 1913,6,826112
C1914,Aoba Seisaku 1914,8,834031
C1915,Fuji Denki 1915,1,841950
C1916,Yamato Shoji 1916,2,849869
C1917,Kita Kogyo 1917,3,857788
C1918,Mori Shokuhin 1918,4,865707
C1919,Tanaka Shoten 1919,5,873626
C1920,Sakura Sangyo 1920,6,881545
C1921,Aoba Seisaku 1921,8,889464
C1922,Fuji Denki 1922,1,897383
C1923,Yamato Shoji 1923,2,10301
C1924,Kita Kogyo 1924,3,18220
C1925,Mori Shokuhin 1925,4,26139
C1926,Tanaka Shoten 1926,5,34058
C1927,Sakura Sangyo 1927,6,41977
C1928,Aoba Seisaku 1928,8,49896
C1929,Fuji Denki 1929,1,57815
C1930,Yamato Shoji 1930,2,65734
C1931,Kita Kogyo 1931,3,73653
C1932,Mori Shokuhin 1932,4,81572
C1933,Tanaka Shoten 1933,5,89491
C1934,Sakura Sangyo 1934,6,97410
C1935,Aoba Seisaku 1935,8,105329
C1936,Fuji Denki 1936,1,113248
C1937,Yamato Shoji 1937,2,121167
C1938,Kita Kogyo 1938,3,129086
C1939,Mori Shokuhin 1939,4,137005
C1940,Tanaka Shoten 1940,5,144924
C1941,Sakura Sangyo 1941,6,152843
C1942,Aoba Seisaku 1942,8,160762
C1943,Fuji Denki 1943,1,168681
C1944,Yamato Shoji 1944,2,176600
C1945,Kita Kogyo 1945,3,184519
C1946,Mori Shokuhin 1946,4,192438
C1947,Tanaka Shoten 1947,5,200357
C1948,Sakura Sangyo 1948,6,208276
C1949,Aoba Seisaku 1949,8,216195
C1950,Fuji Denki 1950,1,224114
C1951,Yamato Shoji 1951,2,232033
C1952,Kita Kogyo 1952,3,239952
C1953,Mori Shokuhin 1953,4,247871
C1954,Tanaka Shoten 1954,5,255790
C1955,Sakura Sangyo 1955,6,263709
C1956,Aoba Seisaku 1956,8,271628
C1957,Fuji Denki 1957,1,279547
C1958,Yamato Shoji 1958,2,287466
C1959,Kita Kogyo 1959,3,295385
C1960,Mori Shokuhin 1960,4,303304
C1961,Tanaka Shoten 1961,5,311223
C1962,Sakura Sangyo 1962,6,319142
C1963,Aoba Seisaku 1963,8,327061
C1964,Fuji Denki 1964,1,334980
C1965,Yamato Shoji 1965,2,342899
C1966,Kita Kogyo 1966,3,350818
C1967,Mori Shokuhin 1967,4,358737
C1968,Tanaka Shoten 1968,5,366656
C1969,Sakura Sangyo 1969,6,374575
C1970,Aoba Seisaku 1970,8,382494
C1971,Fuji Denki 1971,1,390413
C1972,Yamato Shoji 1972,2,398332
C1973,Kita Kogyo 1973,3,406251
C1974,Mori Shokuhin 1974,4,414170
C1975,Tanaka Shoten 1975,5,422089
C1976,Sakura Sangyo 1976,6,430008
C1977,Aoba Seisaku 1977,8,437927
C1978,Fuji Denki 1978,1,445846
C1979,Yamato Shoji 1979,2,453765
C1980,Kita Kogyo 1980,3,461684
C1981,Mori Shokuhin 1981,4,469603
C1982,Tanaka Shoten 1982,5,477522
C1983,Sakura Sangyo 1983,6,485441
C1984,Aoba Seisaku 1984,8,493360
C1985,Fuji Denki 1985,1,501279
C1986,Yamato Shoji 1986,2,509198
C1987,Kita Kogyo 1987,3,517117
C1988,Mori Shokuhin 1988,4,525036
C1989,Tanaka Shoten 1989,5,532955
C1990,Sakura Sangyo 1990,6,540874
C1991,Aoba Seisaku 1991,8,548793
C1992,Fuji Denki 1992,1,556712
C1993,Yamato Shoji 1993,2,564631
C1994,Kita Kogyo 1994,3,572550
C1995,Mori Shokuhin 1995,4,580469
C1996,Tanaka Shoten 1996,5,588388
C1997,Sakura Sangyo 1997,6,596307
C1998,Aoba Seisaku 1998,8,604226
C1999,Fuji Denki 1999,1,612145
C2000,Yamato Shoji 2000,2,620064
C2001,Kita Kogyo 2001,3,627983
C2002,Mori Shokuhin 2002,4,635902
C2003,Tanaka Shoten 2003,5,643821
C2004,Sakura Sangyo 2004,6,651740
C2005,Aoba Seisaku 2005,8,659659
C2006,Fuji Denki 2006,1,667578
C2007,Yamato Shoji 2007,2,675497
C2008,Kita Kogyo 2008,3,683416
C2009,Mori Shokuhin 2009,4,691335
C2010,Tanaka Shoten 2010,5,699254
C2011,Sakura Sangyo 2011,6,707173
C2012,Aoba Seisaku 2012,8,715092
C2013,Fuji Denki 2013,1,723011
C2014,Yamato Shoji 2014,2,730930
C2015,Kita Kogyo 2015,3,738849
C2016,Mori Shokuhin 2016,4,746768
C2017,Tanaka Shoten 2017,5,754687
C2018,Sakura Sangyo 2018,6,762606
C2019,Aoba Seisaku 2019,8,770525
C2020,Fuji Denki 2020,1,778444
C2021,Yamato Shoji 2021,2,786363
C2022,Kita Kogyo 2022,3,794282
C2023,Mori Shokuhin 2023,4,802201
C2024,Tanaka Shoten 2024,5,810120
C2025,Sakura Sangyo 2025,6,818039
C2026,Aoba Seisaku 2026,8,825958
C2027,Fuji Denki 2027,1,833877
C2028,Yamato Shoji 2028,2,841796
C2029,Kita Kogyo 2029,3,849715
C2030,Mori Shokuhin 2030,4,857634
C2031,Tanaka Shoten 2031,5,865553
C2032,Sakura Sangyo 2032,6,873472
C2033,Aoba Seisaku 2033,8,881391
C2034,Fuji Denki 2034,1,889310
C2035,Yamato Shoji 2035,2,897229
C2036,Kita Kogyo 2036,3,10147
C2037,Mori Shokuhin 2037,4,18066
C2038,Tanaka Shoten 2038,5,25985
C2039,Sakura Sangyo 2039,6,33904
C2040,Aoba Seisaku 2040,8,41823
C2041,Fuji Denki 2041,1,49742
C2042,Yamato Shoji 2042,2,57661
C2043,Kita Kogyo 2043,3,65580
C2044,Mori Shokuhin 2044,4,73499
C2045,Tanaka Shoten 2045,5,81418
C2046,Sakura Sangyo 2046,6,89337
C2047,Aoba Seisaku 2047,8,97256
C2048,Fuji Denki 2048,1,105175
C2049,Yamato Shoji 2049,2,113094
C2050,Kita Kogyo 2050,3,121013
C2051,Mori Shokuhin 2051,4,128932
C2052,Tanaka Shoten 2052,5,136851
C2053,Sakura Sangyo 2053,6,144770
C2054,Aoba Seisaku 2054,8,152689
C2055,Fuji Denki 2055,1,160608
C2056,Yamato Shoji 2056,2,168527
C2057,Kita Kogyo 2057,3,176446
C2058,Mori Shokuhin 2058,4,184365
C2059,Tanaka Shoten 2059,5,192284
C2060,Sakura Sangyo 2060,6,200203
C2061,Aoba Seisaku 2061,8,208122
C2062,Fuji Denki 2062,1,216041
C2063,Yamato Shoji 2063,2,223960
C2064,Kita Kogyo 2064,3,231879
C2065,Mori Shokuhin 2065,4,239798
C2066,Tanaka Shoten 2066,5,247717
C2067,Sakura Sangyo 2067,6,255636
C2068,Aoba Seisaku 2068,8,263555
C2069,Fuji Denki 2069,1,271474
C2070,Yamato Shoji 2070,2,279393
C2071,Kita Kogyo 2071,3,287312
C2072,Mori Shokuhin 2072,4,295231
C2073,Tanaka Shoten 2073,5,303150
C2074,Sakura Sangyo 2074,6,311069
C2075,Aoba Seisaku 2075,8,318988
C2076,Fuji Denki 2076,1,326907
C2077,Yamato Shoji 2077,2,334826
C2078,Kita Kogyo 2078,3,342745
C2079,Mori Shokuhin 2079,4,350664
C2080,Tanaka Shoten 2080,5,358583
C2081,Sakura Sangyo 2081,6,366502
C2082,Aoba Seisaku 2082,8,374421
C2083,Fuji Denki 2083,1,382340
C2084,Yamato Shoji 2084,2,390259
C2085,Kita Kogyo 2085,3,398178
C2086,Mori Shokuhin 2086,4,406097
C2087,Tanaka Shoten 2087,5,414016
C2088,Sakura Sangyo 2088,6,421935
C2089,Aoba Seisaku 2089,8,429854
C2090,Fuji Denki 2090,1,437773
C2091,Yamato Shoji 2091,2,445692
C2092,Kita Kogyo 2092,3,453611
C2093,Mori Shokuhin 2093,4,461530
C2094,Tanaka Shoten 2094,5,469449
C2095,Sakura Sangyo 2095,6,477368
C2096,Aoba Seisaku 2096,8,485287
C2097,Fuji Denki 2097,1,493206
C2098,Yamato Shoji 2098,2,501125
C2099,Kita Kogyo 2099,3,509044
C2100,Mori Shokuhin 2100,4,516963
C2101,Tanaka Shoten 2101,5,524882
C2102,Sakura Sangyo 2102,6,532801
C2103,Aoba Seisaku 2103,8,540720
C2104,Fuji Denki 2104,1,548639
C2105,Yamato Shoji 2105,2,556558
C2106,Kita Kogyo 2106,3,564477
C2107,Mori Shokuhin 2107,4,572396
C2108,Tanaka Shoten 2108,5,580315
C2109,Sakura Sangyo 2109,6,588234
C2110,Aoba Seisaku 2110,8,596153
C2111,Fuji Denki 2111,1,604072
C2112,Yamato Shoji 2112,2,611991
C2113,Kita Kogyo 2113,3,619910
C2114,Mori Shokuhin 2114,4,627829
C2115,Tanaka Shoten 2115,5,635748
C2116,Sakura Sangyo 2116,6,643667
C2117,Aoba Seisaku 2117,8,651586
C2118,Fuji Denki 2118,1,659505
C2119,Yamato Shoji 2119,2,667424
C2120,Kita Kogyo 2120,3,675343
C2121,Mori Shokuhin 2121,4,683262
C2122,Tanaka Shoten 2122,5,691181
C2123,Sakura Sangyo 2123,6,699100
C2124,Aoba Seisaku 2124,8,707019
C2125,Fuji Denki 2125,1,714938
C2126,Yamato Shoji 2126,2,722857
C2127,Kita Kogyo 2127,3,730776
C2128,Mori Shokuhin 2128,4,738695
C2129,Tanaka Shoten 2129,5,746614
C2130,Sakura Sangyo 2130,6,754533
C2131,Aoba Seisaku 2131,8,762452
C2132,Fuji Denki 2132,1,770371
C2133,Yamato Shoji 2133,2,778290
C2134,Kita Kogyo 2134,3,786209
C2135,Mori Shokuhin 2135,4,794128
C2136,Tanaka Shoten 2136,5,802047
C2137,Sakura Sangyo 2137,6,809966
C2138,Aoba Seisaku 2138,8,817885
C2139,Fuji Denki 2139,1,825804
C2140,Yamato Shoji 2140,2,833723
C2141,Kita Kogyo 2141,3,841642
C2142,Mori Shokuhin 2142,4,849561
C2143,Tanaka Shoten 2143,5,857480
C2144,Sakura Sangyo 2144,6,865399
C2145,Aoba Seisaku 2145,8,873318
C2146,Fuji Denki 2146,1,881237
C2147,Yamato Shoji 2147,2,889156
C2148,Kita Kogyo 2148,3,897075
C2149,Mori Shokuhin 2149,4,9993
C2150,Tanaka Shoten 2150,5,17912
C2151,Sakura Sangyo 2151,6,25831
C2152,Aoba Seisaku 2152,8,33750
C2153,Fuji Denki 2153,1,41669
C2154,Yamato Shoji 2154,2,49588
C2155,Kita Kogyo 2155,3,57507
C2156,Mori Shokuhin 2156,4,65426
C2157,Tanaka Shoten 2157,5,73345
C2158,Sakura Sangyo 2158,6,81264
C2159,Aoba Seisaku 2159,8,89183
C2160,Fuji Denki 2160,1,97102
C2161,Yamato Shoji 2161,2,105021
C2162,Kita Kogyo 2162,3,112940
C2163,Mori Shokuhin 2163,4,120859
C2164,Tanaka Shoten 2164,5,128778
C2165,Sakura Sangyo 2165,6,136697
C2166,Aoba Seisaku 2166,8,144616
C2167,Fuji Denki 2167,1,152535
C2168,Yamato Shoji 2168,2,160454
C2169,Kita Kogyo 2169,3,168373
C2170,Mori Shokuhin 2170,4,176292
C2171,Tanaka Shoten 2171,5,184211
C2172,Sakura Sangyo 2172,6,192130
C2173,Aoba Seisaku 2173,8,200049
C2174,Fuji Denki 2174,1,207968
C2175,Yamato Shoji 2175,2,215887
C2176,Kita Kogyo 2176,3,223806
C2177,Mori Shokuhin 2177,4,231725
C2178,Tanaka Shoten 2178,5,239644
C2179,Sakura Sangyo 2179,6,247563
C2180,Aoba Seisaku 2180,8,255482
C2181,Fuji Denki 2181,1,263401
C2182,Yamato Shoji 2182,2,271320
C2183,Kita Kogyo 2183,3,279239
C2184,Mori Shokuhin 2184,4,287158
C2185,Tanaka Shoten 2185,5,295077
C2186,Sakura Sangyo 2186,6,302996
C2187,Aoba Seisaku 2187,8,310915
C2188,Fuji Denki 2188,1,318834
C2189,Yamato Shoji 2189,2,326753
C2190,Kita Kogyo 2190,3,334672
C2191,Mori Shokuhin 2191,4,342591
C2192,Tanaka Shoten 2192,5,350510
C2193,Sakura Sangyo 2193,6,358429
C2194,Aoba Seisaku 2194,8,366348
C2195,Fuji Denki 2195,1,374267
C2196,Yamato Shoji 2196,2,382186
C2197,Kita Kogyo 2197,3,390105
C2198,Mori Shokuhin 2198,4,398024
C2199,Tanaka Shoten 2199,5,405943
C2200,Sakura Sangyo 2200,6,413862
C2201,Aoba Seisaku 2201,8,421781
C2202,Fuji Denki 2202,1,429700
C2203,Yamato Shoji 2203,2,437619
C2204,Kita Kogyo 2204,3,445538
C2205,Mori Shokuhin 2205,4,453457
C2206,Tanaka Shoten 2206,5,461376
C2207,Sakura Sangyo 2207,6,469295
C2208,Aoba Seisaku 2208,8,477214
C2209,Fuji Denki 2209,1,485133
C2210,Yamato Shoji 2210,2,493052
C2211,Kita Kogyo 2211,3,500971
C2212,Mori Shokuhin 2212,4,508890
C2213,Tanaka Shoten 2213,5,516809
C2214,Sakura Sangyo 2214,6,524728
C2215,Aoba Seisaku 2215,8,532647
C2216,Fuji Denki 2216,1,540566
C2217,Yamato Shoji 2217,2,548485
C2218,Kita Kogyo 2218,3,556404
C2219,Mori Shokuhin 2219,4,564323
C2220,Tanaka Shoten 2220,5,572242
C2221,Sakura Sangyo 2221,6,580161
C2222,Aoba Seisaku 2222,8,588080
C2223,Fuji Denki 2223,1,595999
C2224,Yamato Shoji 2224,2,603918
C2225,Kita Kogyo 2225,3,611837
C2226,Mori Shokuhin 2226,4,619756
C2227,Tanaka Shoten 2227,5,627675
C2228,Sakura Sangyo 2228,6,635594
C2229,Aoba Seisaku 2229,8,643513
C2230,Fuji Denki 2230,1,651432
C2231,Yamato Shoji 2231,2,659351
C2232,Kita Kogyo 2232,3,667270
C2233,Mori Shokuhin 2233,4,675189
C2234,Tanaka Shoten 2234,5,683108
C2235,Sakura Sangyo 2235,6,691027
C2236,Aoba Seisaku 2236,8,698946
C2237,Fuji Denki 2237,1,706865
C2238,Yamato Shoji 2238,2,714784
C2239,Kita Kogyo 2239,3,722703
C2240,Mori Shokuhin 2240,4,730622
C2241,Tanaka Shoten 2241,5,738541
C2242,Sakura Sangyo 2242,6,746460
C2243,Aoba Seisaku 2243,8,754379
C2244,Fuji Denki 2244,1,762298
C2245,Yamato Shoji 2245,2,770217
C2246,Kita Kogyo 2246,3,778136
C2247,Mori Shokuhin 2247,4,786055
C2248,Tanaka Shoten 2248,5,793974
C2249,Sakura Sangyo 2249,6,801893
C2250,Aoba Seisaku 2250,8,809812
C2251,Fuji Denki 2251,1,817731
C2252,Yamato Shoji 2252,2,825650
C2253,Kita Kogyo 2253,3,833569
C2254,Mori Shokuhin 2254,4,841488
C2255,Tanaka Shoten 2255,5,849407
C2256,Sakura Sangyo 2256,6,857326
C2257,Aoba Seisaku 2257,8,865245
C2258,Fuji Denki 2258,1,873164
C2259,Yamato Shoji 2259,2,881083
C2260,Kita Kogyo 2260,3,889002
C2261,Mori Shokuhin 2261,4,896921
C2262,Tanaka Shoten 2262,5,9839
C2263,Sakura Sangyo 2263,6,17758
C2264,Aoba Seisaku 2264,8,25677
C2265,Fuji Denki 2265,1,33596
C2266,Yamato Shoji 2266,2,41515
C2267,Kita Kogyo 2267,3,49434
C2268,Mori Shokuhin 2268,4,57353
C2269,Tanaka Shoten 2269,5,65272
C2270,Sakura Sangyo 2270,6,73191
C2271,Aoba Seisaku 2271,8,81110
C2272,Fuji Denki 2272,1,89029
C2273,Yamato Shoji 2273,2,96948
C2274,Kita Kogyo 2274,3,104867
C2275,Mori Shokuhin 2275,4,112786
C2276,Tanaka Shoten 2276,5,120705
C2277,Sakura Sangyo 2277,6,128624
C2278,Aoba Seisaku 2278,8,136543
C2279,Fuji Denki 2279,1,144462
C2280,Yamato Shoji 2280,2,152381
C2281,Kita Kogyo 2281,3,160300
C2282,Mori Shokuhin 2282,4,168219
C2283,Tanaka Shoten 2283,5,176138
C2284,Sakura Sangyo 2284,6,184057
C2285,Aoba Seisaku 2285,8,191976
C2286,Fuji Denki 2286,1,199895
C2287,Yamato Shoji 2287,2,207814
C2288,Kita Kogyo 2288,3,215733
C2289,Mori Shokuhin 2289,4,223652
C2290,Tanaka Shoten 2290,5,231571
C2291,Sakura Sangyo 2291,6,239490
C2292,Aoba Seisaku 2292,8,247409
C2293,Fuji Denki 2293,1,255328
C2294,Yamato Shoji 2294,2,263247
C2295,Kita Kogyo 2295,3,271166
C2296,Mori Shokuhin 2296,4,279085
C2297,Tanaka Shoten 2297,5,287004
C2298,Sakura Sangyo 2298,6,294923
C2299,Aoba Seisaku 2299,8,302842
C2300,Fuji Denki 2300,1,310761
C2301,Yamato Shoji 2301,2,318680
C2302,Kita Kogyo 2302,3,326599
C2303,Mori Shokuhin 2303,4,334518
C2304,Tanaka Shoten 2304,5,342437
C2305,Sakura Sangyo 2305,6,350356
C2306,Aoba Seisaku 2306,8,358275
C2307,Fuji Denki 2307,1,366194
C2308,Yamato Shoji 2308,2,374113
C2309,Kita Kogyo 2309,3,382032
C2310,Mori Shokuhin 2310,4,389951
C2311,Tanaka Shoten 2311,5,397870
C2312,Sakura Sangyo 2312,6,405789
C2313,Aoba Seisaku 2313,8,413708
C2314,Fuji Denki 2314,1,421627
C2315,Yamato Shoji 2315,2,429546
C2316,Kita Kogyo 2316,3,437465
C2317,Mori Shokuhin 2317,4,445384
C2318,Tanaka Shoten 2318,5,453303
C2319,Sakura Sangyo 2319,6,461222
C2320,Aoba Seisaku 2320,8,469141
C2321,Fuji Denki 2321,1,477060
C2322,Yamato Shoji 2322,2,484979
C2323,Kita Kogyo 2323,3,492898
C2324,Mori Shokuhin 2324,4,500817
C2325,Tanaka Shoten 2325,5,508736
C2326,Sakura Sangyo 2326,6,516655
C2327,Aoba Seisaku 2327,8,524574
C2328,Fuji Denki 2328,1,532493
C2329,Yamato Shoji 2329,2,540412
C2330,Kita Kogyo 2330,3,548331
C2331,Mori Shokuhin 2331,4,556250
C2332,Tanaka Shoten 2332,5,564169
C2333,Sakura Sangyo 2333,6,572088
C2334,Aoba Seisaku 2334,8,580007
C2335,Fuji Denki 2335,1,587926
C2336,Yamato Shoji 2336,2,595845
C2337,Kita Kogyo 2337,3,603764
C2338,Mori Shokuhin 2338,4,611683
C2339,Tanaka Shoten 2339,5,619602
C2340,Sakura Sangyo 2340,6,627521
C2341,Aoba Seisaku 2341,8,635440
C2342,Fuji Denki 2342,1,643359
C2343,Yamato Shoji 2343,2,651278
C2344,Kita Kogyo 2344,3,659197
C2345,Mori Shokuhin 2345,4,667116
C2346,Tanaka Shoten 2346,5,675035
C2347,Sakura Sangyo 2347,6,682954
C2348,Aoba Seisaku 2348,8,690873
C2349,Fuji Denki 2349,1,698792
C2350,Yamato Shoji 2350,2,706711
C2351,Kita Kogyo 2351,3,714630
C2352,Mori Shokuhin 2352,4,722549
C2353,Tanaka Shoten 2353,5,730468
C2354,Sakura Sangyo 2354,6,738387
C2355,Aoba Seisaku 2355,8,746306
C2356,Fuji Denki 2356,1,754225
C2357,Yamato Shoji 2357,2,762144
C2358,Kita Kogyo 2358,3,770063
C2359,Mori Shokuhin 2359,4,777982
C2360,Tanaka Shoten 2360,5,785901
C2361,Sakura Sangyo 2361,6,793820
C2362,Aoba Seisaku 2362,8,801739
C2363,Fuji Denki 2363,1,809658
C2364,Yamato Shoji 2364,2,817577
C2365,Kita Kogyo 2365,3,825496
C2366,Mori Shokuhin 2366,4,833415
C2367,Tanaka Shoten 2367,5,841334
C2368,Sakura Sangyo 2368,6,849253
C2369,Aoba Seisaku 2369,8,857172
C2370,Fuji Denki 2370,1,865091
C2371,Yamato Shoji 2371,2,873010
C2372,Kita Kogyo 2372,3,880929
C2373,Mori Shokuhin 2373,4,888848
C2374,Tanaka Shoten 2374,5,896767
C2375,Sakura Sangyo 2375,6,9685
C2376,Aoba Seisaku 2376,8,17604
C2377,Fuji Denki 2377,1,25523
C2378,Yamato Shoji 2378,2,33442
C2379,Kita Kogyo 2379,3,41361
C2380,Mori Shokuhin 2380,4,49280
C2381,Tanaka Shoten 2381,5,57199
C2382,Sakura Sangyo 2382,6,65118
C2383,Aoba Seisaku 2383,8,73037
C2384,Fuji Denki 2384,1,80956
C2385,Yamato Shoji 2385,2,88875
C2386,Kita Kogyo 2386,3,96794
C2387,Mori Shokuhin 2387,4,104713
C2388,Tanaka Shoten 2388,5,112632
C2389,Sakura Sangyo 2389,6,120551
C2390,Aoba Seisaku 2390,8,128470
C2391,Fuji Denki 2391,1,136389
C2392,Yamato Shoji 2392,2,144308
C2393,Kita Kogyo 2393,3,152227
C2394,Mori Shokuhin 2394,4,160146
C2395,Tanaka Shoten 2395,5,168065
C2396,Sakura Sangyo 2396,6,175984
C2397,Aoba Seisaku 2397,8,183903
C2398,Fuji Denki 2398,1,191822
C2399,Yamato Shoji 2399,2,199741
C2400,Kita Kogyo 2400,3,207660
C2401,Mori Shokuhin 2401,4,215579
C2402,Tanaka Shoten 2402,5,223498
C2403,Sakura Sangyo 2403,6,231417
C2404,Aoba Seisaku 2404,8,239336
C2405,Fuji Denki 2405,1,247255
C2406,Yamato Shoji 2406,2,255174
C2407,Kita Kogyo 2407,3,263093
C2408,Mori Shokuhin 2408,4,271012
C2409,Tanaka Shoten 2409,5,278931
C2410,Sakura Sangyo 2410,6,286850
C2411,Aoba Seisaku 2411,8,294769
C2412,Fuji Denki 2412,1,302688
C2413,Yamato Shoji 2413,2,310607
C2414,Kita Kogyo 2414,3,318526
C2415,Mori Shokuhin 2415,4,326445
C2416,Tanaka Shoten 2416,5,334364
C2417,Sakura Sangyo 2417,6,342283
C2418,Aoba Seisaku 2418,8,350202
C2419,Fuji Denki 2419,1,358121
C2420,Yamato Shoji 2420,2,366040
C2421,Kita Kogyo 2421,3,373959
C2422,Mori Shokuhin 2422,4,381878
C2423,Tanaka Shoten 2423,5,389797
C2424,Sakura Sangyo 2424,6,397716
C2425,Aoba Seisaku 2425,8,405635
C2426,Fuji Denki 2426,1,413554
C2427,Yamato Shoji 2427,2,421473
C2428,Kita Kogyo 2428,3,429392
C2429,Mori Shokuhin 2429,4,437311
C2430,Tanaka Shoten 2430,5,445230
C2431,Sakura Sangyo 2431,6,453149
C2432,Aoba Seisaku 2432,8,461068
C2433,Fuji Denki 2433,1,468987
C2434,Yamato Shoji 2434,2,476906
C2435,Kita Kogyo 2435,3,484825
C2436,Mori Shokuhin 2436,4,492744
C2437,Tanaka Shoten 2437,5,500663
C2438,Sakura Sangyo 2438,6,508582
C2439,Aoba Seisaku 2439,8,516501
C2440,Fuji Denki 2440,1,524420
C2441,Yamato Shoji 2441,2,532339
C2442,Kita Kogyo 2442,3,540258
C2443,Mori Shokuhin 2443,4,548177
C2444,Tanaka Shoten 2444,5,556096
C2445,Sakura Sangyo 2445,6,564015
C2446,Aoba Seisaku 2446,8,571934
C2447,Fuji Denki 2447,1,579853
C2448,Yamato Shoji 2448,2,587772
C2449,Kita Kogyo 2449,3,595691
C2450,Mori Shokuhin 2450,4,603610
C2451,Tanaka Shoten 2451,5,611529
C2452,Sakura Sangyo 2452,6,619448
C2453,Aoba Seisaku 2453,8,627367
C2454,Fuji Denki 2454,1,635286
C2455,Yamato Shoji 2455,2,643205
C2456,Kita Kogyo 2456,3,651124
C2457,Mori Shokuhin 2457,4,659043
C2458,Tanaka Shoten 2458,5,666962
C2459,Sakura Sangyo 2459,6,674881
C2460,Aoba Seisaku 2460,8,682800
C2461,Fuji Denki 2461,1,690719
C2462,Yamato Shoji 2462,2,698638
C2463,Kita Kogyo 2463,3,706557
C2464,Mori Shokuhin 2464,4,714476
C2465,Tanaka Shoten 2465,5,722395
C2466,Sakura Sangyo 2466,6,730314
C2467,Aoba Seisaku 2467,8,738233
C2468,Fuji Denki 2468,1,746152
C2469,Yamato Shoji 2469,2,754071
C2470,Kita Kogyo 2470,3,761990
C2471,Mori Shokuhin 2471,4,769909
C2472,Tanaka Shoten 2472,5,777828
C2473,Sakura Sangyo 2473,6,785747
C2474,Aoba Seisaku 2474,8,793666
C2475,Fuji Denki 2475,1,801585
C2476,Yamato Shoji 2476,2,809504
C2477,Kita Kogyo 2477,3,817423
C2478,Mori Shokuhin 2478,4,825342
C2479,Tanaka Shoten 2479,5,833261
C2480,Sakura Sangyo 2480,6,841180
C2481,Aoba Seisaku 2481,8,849099
C2482,Fuji Denki 2482,1,857018
C2483,Yamato Shoji 2483,2,864937
C2484,Kita Kogyo 2484,3,872856
C2485,Mori Shokuhin 2485,4,880775
C2486,Tanaka Shoten 2486,5,888694
C2487,Sakura Sangyo 2487,6,896613
C2488,Aoba Seisaku 2488,8,9531
C2489,Fuji Denki 2489,1,17450
C2490,Yamato Shoji 2490,2,25369
C2491,Kita Kogyo 2491,3,33288
C2492,Mori Shokuhin 2492,4,41207
C2493,Tanaka Shoten 2493,5,49126
C2494,Sakura Sangyo 2494,6,57045
C2495,Aoba Seisaku 2495,8,64964
C2496,Fuji Denki 2496,1,72883
C2497,Yamato Shoji 2497,2,80802
C2498,Kita Kogyo 2498,3,88721
C2499,Mori Shokuhin 2499,4,96640
C2500,Tanaka Shoten 2500,5,104559
C2501,Sakura Sangyo 2501,6,112478
C2502,Aoba Seisaku 2502,8,120397
C2503,Fuji Denki 2503,1,128316
C2504,Yamato Shoji 2504,2,136235
C2505,Kita Kogyo 2505,3,144154
C2506,Mori Shokuhin 2506,4,152073
C2507,Tanaka Shoten 2507,5,159992
C2508,Sakura Sangyo 2508,6,167911
C2509,Aoba Seisaku 2509,8,175830
C2510,Fuji Denki 2510,1,183749
C2511,Yamato Shoji 2511,2,191668
C2512,Kita Kogyo 2512,3,199587
C2513,Mori Shokuhin 2513,4,207506
C2514,Tanaka Shoten 2514,5,215425
C2515,Sakura Sangyo 2515,6,223344
C2516,Aoba Seisaku 2516,8,231263
C2517,Fuji Denki 2517,1,239182
C2518,Yamato Shoji 2518,2,247101
C2519,Kita Kogyo 2519,3,255020
C2520,Mori Shokuhin 2520,4,262939
C2521,Tanaka Shoten 2521,5,270858
C2522,Sakura Sangyo 2522,6,278777
C2523,Aoba Seisaku 2523,8,286696
C2524,Fuji Denki 2524,1,294615
C2525,Yamato Shoji 2525,2,302534
C2526,Kita Kogyo 2526,3,310453
C2527,Mori Shokuhin 2527,4,318372
C2528,Tanaka Shoten 2528,5,326291
C2529,Sakura Sangyo 2529,6,334210
C2530,Aoba Seisaku 2530,8,342129
C2531,Fuji Denki 2531,1,350048
C2532,Yamato Shoji 2532,2,357967
C2533,Kita Kogyo 2533,3,365886
C2534,Mori Shokuhin 2534,4,373805
C2535,Tanaka Shoten 2535,5,381724
C2536,Sakura Sangyo 2536,6,389643
C2537,Aoba Seisaku 2537,8,397562
C2538,Fuji Denki 2538,1,405481
C2539,Yamato Shoji 2539,2,413400
C2540,Kita Kogyo 2540,3,421319
C2541,Mori Shokuhin 2541,4,429238
C2542,Tanaka Shoten 2542,5,437157
C2543,Sakura Sangyo 2543,6,445076
C2544,Aoba Seisaku 2544,8,452995
C2545,Fuji Denki 2545,1,460914
C2546,Yamato Shoji 2546,2,468833
C2547,Kita Kogyo 2547,3,476752
C2548,Mori Shokuhin 2548,4,484671
C2549,Tanaka Shoten 2549,5,492590
C2550,Sakura Sangyo 2550,6,500509
C2551,Aoba Seisaku 2551,8,508428
C2552,Fuji Denki 2552,1,516347
C2553,Yamato Shoji 2553,2,524266
C2554,Kita Kogyo 2554,3,532185
C2555,Mori Shokuhin 2555,4,540104
C2556,Tanaka Shoten 2556,5,548023
C2557,Sakura Sangyo 2557,6,555942
C2558,Aoba Seisaku 2558,8,563861
C2559,Fuji Denki 2559,1,571780
C2560,Yamato Shoji 2560,2,579699
C2561,Kita Kogyo 2561,3,587618
C2562,Mori Shokuhin 2562,4,595537
C2563,Tanaka Shoten 2563,5,603456
C2564,Sakura Sangyo 2564,6,611375
C2565,Aoba Seisaku 2565,8,619294
C2566,Fuji Denki 2566,1,627213
C2567,Yamato Shoji 2567,2,635132
C2568,Kita Kogyo 2568,3,643051
C2569,Mori Shokuhin 2569,4,650970
C2570,Tanaka Shoten 2570,5,658889
C2571,Sakura Sangyo 2571,6,666808
C2572,Aoba Seisaku 2572,8,674727
C2573,Fuji Denki 2573,1,682646
C2574,Yamato Shoji 2574,2,690565
C2575,Kita Kogyo 2575,3,698484
C2576,Mori Shokuhin 2576,4,706403
C2577,Tanaka Shoten 2577,5,714322
C2578,Sakura Sangyo 2578,6,722241
C2579,Aoba Seisaku 2579,8,730160
C2580,Fuji Denki 2580,1,738079
C2581,Yamato Shoji 2581,2,745998
C2582,Kita Kogyo 2582,3,753917
C2583,Mori Shokuhin 2583,4,761836
C2584,Tanaka Shoten 2584,5,769755
C2585,Sakura Sangyo 2585,6,777674
C2586,Aoba Seisaku 2586,8,785593
C2587,Fuji Denki 2587,1,793512
C2588,Yamato Shoji 2588,2,801431
C2589,Kita Kogyo 2589,3,809350
C2590,Mori Shokuhin 2590,4,817269
C2591,Tanaka Shoten 2591,5,825188
C2592,Sakura Sangyo 2592,6,833107
C2593,Aoba Seisaku 2593,8,841026
C2594,Fuji Denki 2594,1,848945
C2595,Yamato Shoji 2595,2,856864
C2596,Kita Kogyo 2596,3,864783
C2597,Mori Shokuhin 2597,4,872702
C2598,Tanaka Shoten 2598,5,880621
C2599,Sakura Sangyo 2599,6,888540
C2600,Aoba Seisaku 2600,8,896459
C2601,Fuji Denki 2601,1,9377
C2602,Yamato Shoji 2602,2,17296
C2603,Kita Kogyo 2603,3,25215
C2604,Mori Shokuhin 2604,4,33134
C2605,Tanaka Shoten 2605,5,41053
C2606,Sakura Sangyo 2606,6,48972
C2607,Aoba Seisaku 2607,8,56891
C2608,Fuji Denki 2608,1,64810
C2609,Yamato Shoji 2609,2,72729
C2610,Kita Kogyo 2610,3,80648
C2611,Mori Shokuhin 2611,4,88567
C2612,Tanaka Shoten 2612,5,96486
C2613,Sakura Sangyo 2613,6,104405
C2614,Aoba Seisaku 2614,8,112324
C2615,Fuji Denki 2615,1,120243
C2616,Yamato Shoji 2616,2,128162
C2617,Kita Kogyo 2617,3,136081
C2618,Mori Shokuhin 2618,4,144000
C2619,Tanaka Shoten 2619,5,151919
C2620,Sakura Sangyo 2620,6,159838
C2621,Aoba Seisaku 2621,8,167757
C2622,Fuji Denki 2622,1,175676
C2623,Yamato Shoji 2623,2,183595
C2624,Kita Kogyo 2624,3,191514
C2625,Mori Shokuhin 2625,4,199433
C2626,Tanaka Shoten 2626,5,207352
C2627,Sakura Sangyo 2627,6,215271
C2628,Aoba Seisaku 2628,8,223190
C2629,Fuji Denki 2629,1,231109
C2630,Yamato Shoji 2630,2,239028
C2631,Kita Kogyo 2631,3,246947
C2632,Mori Shokuhin 2632,4,254866
C2633,Tanaka Shoten 2633,5,262785
C2634,Sakura Sangyo 2634,6,270704
C2635,Aoba Seisaku 2635,8,278623
C2636,Fuji Denki 2636,1,286542
C2637,Yamato Shoji 2637,2,294461
C2638,Kita Kogyo 2638,3,302380
C2639,Mori Shokuhin 2639,4,310299
C2640,Tanaka Shoten 2640,5,318218
C2641,Sakura Sangyo 2641,6,326137
C2642,Aoba Seisaku 2642,8,334056
C2643,Fuji Denki 2643,1,341975
C2644,Yamato Shoji 2644,2,349894
C2645,Kita Kogyo 2645,3,357813
C2646,Mori Shokuhin 2646,4,365732
C2647,Tanaka Shoten 2647,5,373651
C2648,Sakura Sangyo 2648,6,381570
C2649,Aoba Seisaku 2649,8,389489
C2650,Fuji Denki 2650,1,397408
C2651,Yamato Shoji 2651,2,405327
C2652,Kita Kogyo 2652,3,413246
C2653,Mori Shokuhin 2653,4,421165
C2654,Tanaka Shoten 2654,5,429084
C2655,Sakura Sangyo 2655,6,437003
C2656,Aoba Seisaku 2656,8,444922
C2657,Fuji Denki 2657,1,452841
C2658,Yamato Shoji 2658,2,460760
C2659,Kita Kogyo 2659,3,468679
C2660,Mori Shokuhin 2660,4,476598
C2661,Tanaka Shoten 2661,5,484517
C2662,Sakura Sangyo 2662,6,492436
C2663,Aoba Seisaku 2663,8,500355
C2664,Fuji Denki 2664,1,508274
C2665,Yamato Shoji 2665,2,516193
C2666,Kita Kogyo 2666,3,524112
C2667,Mori Shokuhin 2667,4,532031
C2668,Tanaka Shoten 2668,5,539950
C2669,Sakura Sangyo 2669,6,547869
C2670,Aoba Seisaku 2670,8,555788
C2671,Fuji Denki 2671,1,563707
C2672,Yamato Shoji 2672,2,571626
C2673,Kita Kogyo 2673,3,579545
C2674,Mori Shokuhin 2674,4,587464
C2675,Tanaka Shoten 2675,5,595383
C2676,Sakura Sangyo 2676,6,603302
C2677,Aoba Seisaku 2677,8,611221
C2678,Fuji Denki 2678,1,619140
C2679,Yamato Shoji 2679,2,627059
C2680,Kita Kogyo 2680,3,634978
C2681,Mori Shokuhin 2681,4,642897
C2682,Tanaka Shoten 2682,5,650816
C2683,Sakura Sangyo 2683,6,658735
C2684,Aoba Seisaku 2684,8,666654
C2685,Fuji Denki 2685,1,674573
C2686,Yamato Shoji 2686,2,682492
C2687,Kita Kogyo 2687,3,690411
C2688,Mori Shokuhin 2688,4,698330
C2689,Tanaka Shoten 2689,5,706249
C2690,Sakura Sangyo 2690,6,714168
C2691,Aoba Seisaku 2691,8,722087
C2692,Fuji Denki 2692,1,730006
C2693,Yamato Shoji 2693,2,737925
C2694,Kita Kogyo 2694,3,745844
C2695,Mori Shokuhin 2695,4,753763
C2696,Tanaka Shoten 2696,5,761682
C2697,Sakura Sangyo 2697,6,769601
C2698,Aoba Seisaku 2698,8,777520
C2699,Fuji Denki 2699,1,785439
C2700,Yamato Shoji 2700,2,793358
C2701,Kita Kogyo 2701,3,801277
C2702,Mori Shokuhin 2702,4,809196
C2703,Tanaka Shoten 2703,5,817115
C2704,Sakura Sangyo 2704,6,825034
C2705,Aoba Seisaku 2705,8,832953
C2706,Fuji Denki 2706,1,840872
C2707,Yamato Shoji 2707,2,848791
C2708,Kita Kogyo 2708,3,856710
C2709,Mori Shokuhin 2709,4,864629
C2710,Tanaka Shoten 2710,5,872548
C2711,Sakura Sangyo 2711,6,880467
C2712,Aoba Seisaku 2712,8,888386
C2713,Fuji Denki 2713,1,896305
C2714,Yamato Shoji 2714,2,9223
C2715,Kita Kogyo 2715,3,17142
C2716,Mori Shokuhin 2716,4,25061
C2717,Tanaka Shoten 2717,5,32980
C2718,Sakura Sangyo 2718,6,40899
C2719,Aoba Seisaku 2719,8,48818
C2720,Fuji Denki 2720,1,56737
C2721,Yamato Shoji 2721,2,64656
C2722,Kita Kogyo 2722,3,72575
C2723,Mori Shokuhin 2723,4,80494
C2724,Tanaka Shoten 2724,5,88413
C2725,Sakura Sangyo 2725,6,96332
C2726,Aoba Seisaku 2726,8,104251
C2727,Fuji Denki 2727,1,112170
C2728,Yamato Shoji 2728,2,120089
C2729,Kita Kogyo 2729,3,128008
C2730,Mori Shokuhin 2730,4,135927
C2731,Tanaka Shoten 2731,5,143846
C2732,Sakura Sangyo 2732,6,151765
C2733,Aoba Seisaku 2733,8,159684
C2734,Fuji Denki 2734,1,167603
C2735,Yamato Shoji 2735,2,175522
C2736,Kita Kogyo 2736,3,183441
C2737,Mori Shokuhin 2737,4,191360
C2738,Tanaka Shoten 2738,5,199279
C2739,Sakura Sangyo 2739,6,207198
C2740,Aoba Seisaku 2740,8,215117
C2741,Fuji Denki 2741,1,223036
C2742,Yamato Shoji 2742,2,230955
C2743,Kita Kogyo 2743,3,238874
C2744,Mori Shokuhin 2744,4,246793
C2745,Tanaka Shoten 2745,5,254712
C2746,Sakura Sangyo 2746,6,262631
C2747,Aoba Seisaku 2747,8,270550
C2748,Fuji Denki 2748,1,278469
C2749,Yamato Shoji 2749,2,286388
C2750,Kita Kogyo 2750,3,294307
C2751,Mori Shokuhin 2751,4,302226
C2752,Tanaka Shoten 2752,5,310145
C2753,Sakura Sangyo 2753,6,318064
C2754,Aoba Seisaku 2754,8,325983
C2755,Fuji Denki 2755,1,333902
C2756,Yamato Shoji 2756,2,341821
C2757,Kita Kogyo 2757,3,349740
C2758,Mori Shokuhin 2758,4,357659
C2759,Tanaka Shoten 2759,5,365578
C2760,Sakura Sangyo 2760,6,373497
C2761,Aoba Seisaku 2761,8,381416
C2762,Fuji Denki 2762,1,389335
C2763,Yamato Shoji 2763,2,397254
C2764,Kita Kogyo 2764,3,405173
C2765,Mori Shokuhin 2765,4,413092
C2766,Tanaka Shoten 2766,5,421011
C2767,Sakura Sangyo 2767,6,428930
C2768,Aoba Seisaku 2768,8,436849
C2769,Fuji Denki 2769,1,444768
C2770,Yamato Shoji 2770,2,452687
C2771,Kita Kogyo 2771,3,460606
C2772,Mori Shokuhin 2772,4,468525
C2773,Tanaka Shoten 2773,5,476444
C2774,Sakura Sangyo 2774,6,484363
C2775,Aoba Seisaku 2775,8,492282
C2776,Fuji Denki 2776,1,500201
C2777,Yamato Shoji 2777,2,508120
C2778,Kita Kogyo 2778,3,516039
C2779,Mori Shokuhin 2779,4,523958
C2780,Tanaka Shoten 2780,5,531877
C2781,Sakura Sangyo 2781,6,539796
C2782,Aoba Seisaku 2782,8,547715
C2783,Fuji Denki 2783,1,555634
C2784,Yamato Shoji 2784,2,563553
C2785,Kita Kogyo 2785,3,571472
C2786,Mori Shokuhin 2786,4,579391
C2787,Tanaka Shoten 2787,5,587310
C2788,Sakura Sangyo 2788,6,595229
C2789,Aoba Seisaku 2789,8,603148
C2790,Fuji Denki 2790,1,611067
C2791,Yamato Shoji 2791,2,618986
C2792,Kita Kogyo 2792,3,626905
C2793,Mori Shokuhin 2793,4,634824
C2794,Tanaka Shoten 2794,5,642743
C2795,Sakura Sangyo 2795,6,650662
C2796,Aoba Seisaku 2796,8,658581
C2797,Fuji Denki 2797,1,666500
C2798,Yamato Shoji 2798,2,674419
C2799,Kita Kogyo 2799,3,682338
C2800,Mori Shokuhin 2800,4,690257
C2801,Tanaka Shoten 2801,5,698176
C2802,Sakura Sangyo 2802,6,706095
C2803,Aoba Seisaku 2803,8,714014
C2804,Fuji Denki 2804,1,721933
C2805,Yamato Shoji 2805,2,729852
C2806,Kita Kogyo 2806,3,737771
C2807,Mori Shokuhin 2807,4,745690
C2808,Tanaka Shoten 2808,5,753609
C2809,Sakura Sangyo 2809,6,761528
C2810,Aoba Seisaku 2810,8,769447
C2811,Fuji Denki 2811,1,777366
C2812,Yamato Shoji 2812,2,785285
C2813,Kita Kogyo 2813,3,793204
C2814,Mori Shokuhin 2814,4,801123
C2815,Tanaka Shoten 2815,5,809042
C2816,Sakura Sangyo 2816,6,816961
C2817,Aoba Seisaku 2817,8,824880
C2818,Fuji Denki 2818,1,832799
C2819,Yamato Shoji 2819,2,840718
C2820,Kita Kogyo 2820,3,848637
C2821,Mori Shokuhin 2821,4,856556
C2822,Tanaka Shoten 2822,5,864475
C2823,Sakura Sangyo 2823,6,872394
C2824,Aoba Seisaku 2824,8,880313
C2825,Fuji Denki 2825,1,888232
C2826,Yamato Shoji 2826,2,896151
C2827,Kita Kogyo 2827,3,9069
C2828,Mori Shokuhin 2828,4,16988
C2829,Tanaka Shoten 2829,5,24907
C2830,Sakura Sangyo 2830,6,32826
C2831,Aoba Seisaku 2831,8,40745
C2832,Fuji Denki 2832,1,48664
C2833,Yamato Shoji 2833,2,56583
C2834,Kita Kogyo 2834,3,64502
C2835,Mori Shokuhin 2835,4,72421
C2836,Tanaka Shoten 2836,5,80340
C2837,Sakura Sangyo 2837,6,88259
C2838,Aoba Seisaku 2838,8,96178
C2839,Fuji Denki 2839,1,104097
C2840,Yamato Shoji 2840,2,112016
C2841,Kita Kogyo 2841,3,119935
C2842,Mori Shokuhin 2842,4,127854
C2843,Tanaka Shoten 2843,5,135773
C2844,Sakura Sangyo 2844,6,143692
C2845,Aoba Seisaku 2845,8,151611
C2846,Fuji Denki 2846,1,159530
C2847,Yamato Shoji 2847,2,167449
C2848,Kita Kogyo 2848,3,175368
C2849,Mori Shokuhin 2849,4,183287
C2850,Tanaka Shoten 2850,5,191206
C2851,Sakura Sangyo 2851,6,199125
C2852,Aoba Seisaku 2852,8,207044
C2853,Fuji Denki 2853,1,214963
C2854,Yamato Shoji 2854,2,222882
C2855,Kita Kogyo 2855,3,230801
C2856,Mori Shokuhin 2856,4,238720
C2857,Tanaka Shoten 2857,5,246639
C2858,Sakura Sangyo 2858,6,254558
C2859,Aoba Seisaku 2859,8,262477
C2860,Fuji Denki 2860,1,270396
C2861,Yamato Shoji 2861,2,278315
C2862,Kita Kogyo 2862,3,286234
C2863,Mori Shokuhin 2863,4,294153
C2864,Tanaka Shoten 2864,5,302072
C2865,Sakura Sangyo 2865,6,309991
C2866,Aoba Seisaku 2866,8,317910
C2867,Fuji Denki 2867,1,325829
C2868,Yamato Shoji 2868,2,333748
C2869,Kita Kogyo 2869,3,341667
C2870,Mori Shokuhin 2870,4,349586
C2871,Tanaka Shoten 2871,5,357505
C2872,Sakura Sangyo 2872,6,365424
C2873,Aoba Seisaku 2873,8,373343
C2874,Fuji Denki 2874,1,381262
C2875,Yamato Shoji 2875,2,389181
C2876,Kita Kogyo 2876,3,397100
C2877,Mori Shokuhin 2877,4,405019
C2878,Tanaka Shoten 2878,5,412938
C2879,Sakura Sangyo 2879,6,420857
C2880,Aoba Seisaku 2880,8,428776
C2881,Fuji Denki 2881,1,436695
C2882,Yamato Shoji 2882,2,444614
C2883,Kita Kogyo 2883,3,452533
C2884,Mori Shokuhin 2884,4,460452
C2885,Tanaka Shoten 2885,5,468371
C2886,Sakura Sangyo 2886,6,476290
C2887,Aoba Seisaku 2887,8,484209
C2888,Fuji Denki 2888,1,492128
C2889,Yamato Shoji 2889,2,500047
C2890,Kita Kogyo 2890,3,507966
C2891,Mori Shokuhin 2891,4,515885
C2892,Tanaka Shoten 2892,5,523804
C2893,Sakura Sangyo 2893,6,531723
C2894,Aoba Seisaku 2894,8,539642
C2895,Fuji Denki 2895,1,547561
C2896,Yamato Shoji 2896,2,555480
C2897,Kita Kogyo 2897,3,563399
C2898,Mori Shokuhin 2898,4,571318
C2899,Tanaka Shoten 2899,5,579237
C2900,Sakura Sangyo 2900,6,587156
C2901,Aoba Seisaku 2901,8,595075
C2902,Fuji Denki 2902,1,602994
C2903,Yamato Shoji 2903,2,610913
C2904,Kita Kogyo 2904,3,618832
C2905,Mori Shokuhin 2905,4,626751
C2906,Tanaka Shoten 2906,5,634670
C2907,Sakura Sangyo 2907,6,642589
C2908,Aoba Seisaku 2908,8,650508
C2909,Fuji Denki 2909,1,658427
C2910,Yamato Shoji 2910,2,666346
C2911,Kita Kogyo 2911,3,674265
C2912,Mori Shokuhin 2912,4,682184
C2913,Tanaka Shoten 2913,5,690103
C2914,Sakura Sangyo 2914,6,698022
C2915,Aoba Seisaku 2915,8,705941
C2916,Fuji Denki 2916,1,713860
C2917,Yamato Shoji 2917,2,721779
C2918,Kita Kogyo 2918,3,729698
C2919,Mori Shokuhin 2919,4,737617
C2920,Tanaka Shoten 2920,5,745536
C2921,Sakura Sangyo 2921,6,753455
C2922,Aoba Seisaku 2922,8,761374
C2923,Fuji Denki 2923,1,769293
C2924,Yamato Shoji 2924,2,777212
C2925,Kita Kogyo 2925,3,785131
C2926,Mori Shokuhin 2926,4,793050
C2927,Tanaka Shoten 2927,5,800969
C2928,Sakura Sangyo 2928,6,808888
C2929,Aoba Seisaku 2929,8,816807
C2930,Fuji Denki 2930,1,824726
C2931,Yamato Shoji 2931,2,832645
C2932,Kita Kogyo 2932,3,840564
C2933,Mori Shokuhin 2933,4,848483
C2934,Tanaka Shoten 2934,5,856402
C2935,Sakura Sangyo 2935,6,864321
C2936,Aoba Seisaku 2936,8,872240
C2937,Fuji Denki 2937,1,880159
C2938,Yamato Shoji 2938,2,888078
C2939,Kita Kogyo 2939,3,895997
C2940,Mori Shokuhin 2940,4,8915
C2941,Tanaka Shoten 2941,5,16834
C2942,Sakura Sangyo 2942,6,24753
C2943,Aoba Seisaku 2943,8,32672
C2944,Fuji Denki 2944,1,40591
C2945,Yamato Shoji 2945,2,48510
C2946,Kita Kogyo 2946,3,56429
C2947,Mori Shokuhin 2947,4,64348
C2948,Tanaka Shoten 2948,5,72267
C2949,Sakura Sangyo 2949,6,80186
C2950,Aoba Seisaku 2950,8,88105
C2951,Fuji Denki 2951,1,96024
C2952,Yamato Shoji 2952,2,103943
C2953,Kita Kogyo 2953,3,111862
C2954,Mori Shokuhin 2954,4,119781
C2955,Tanaka Shoten 2955,5,127700
C2956,Sakura Sangyo 2956,6,135619
C2957,Aoba Seisaku 2957,8,143538
C2958,Fuji Denki 2958,1,151457
C2959,Yamato Shoji 2959,2,159376
C2960,Kita Kogyo 2960,3,167295
C2961,Mori Shokuhin 2961,4,175214
C2962,Tanaka Shoten 2962,5,183133
C2963,Sakura Sangyo 2963,6,191052
C2964,Aoba Seisaku 2964,8,198971
C2965,Fuji Denki 2965,1,206890
C2966,Yamato Shoji 2966,2,214809
C2967,Kita Kogyo 2967,3,222728
C2968,Mori Shokuhin 2968,4,230647
C2969,Tanaka Shoten 2969,5,238566
C2970,Sakura Sangyo 2970,6,246485
C2971,Aoba Seisaku 2971,8,254404
C2972,Fuji Denki 2972,1,262323
C2973,Yamato Shoji 2973,2,270242
C2974,Kita Kogyo 2974,3,278161
C2975,Mori Shokuhin 2975,4,286080
C2976,Tanaka Shoten 2976,5,293999
C2977,Sakura Sangyo 2977,6,301918
C2978,Aoba Seisaku 2978,8,309837
C2979,Fuji Denki 2979,1,317756
C2980,Yamato Shoji 2980,2,325675
C2981,Kita Kogyo 2981,3,333594
C2982,Mori Shokuhin 2982,4,341513
C2983,Tanaka Shoten 2983,5,349432
C2984,Sakura Sangyo 2984,6,357351
C2985,Aoba Seisaku 2985,8,365270
C2986,Fuji Denki 2986,1,373189
C2987,Yamato Shoji 2987,2,381108
C2988,Kita Kogyo 2988,3,389027
C2989,Mori Shokuhin 2989,4,396946
C2990,Tanaka Shoten 2990,5,404865
C2991,Sakura Sangyo 2991,6,412784
C2992,Aoba Seisaku 2992,8,420703
C2993,Fuji Denki 2993,1,428622
C2994,Yamato Shoji 2994,2,436541
C2995,Kita Kogyo 2995,3,444460
C2996,Mori Shokuhin 2996,4,452379
C2997,Tanaka Shoten 2997,5,460298
C2998,Sakura Sangyo 2998,6,468217
C2999,Aoba Seisaku 2999,8,476136
C3000,Fuji Denki 3000,1,484055
